episode, reward, success, duration, steps, total_steps, memory length, avg_critic_loss, avg_actor_loss
1, -10005.164565563202, 2, 23.98303343600128, 1186, 25607,                                             25607, 6.351054668426514, 158.40716552734375
2, -347883.19297999144, 2, 1415.4962517929962, 70769, 96376,                                             96376, 6.830727577209473, 353.48968505859375
3, -28050.00538253784, 2, 157.29126848396845, 7832, 104208,                                             104208, 7.43705940246582, 423.1565246582031
4, -4294.618792772293, 2, 12.73220304097049, 620, 104828,                                             104828, 7.340188503265381, 424.1598205566406
5, -17709.397973954678, 2, 112.00441398308612, 5635, 110463,                                             110463, 7.350269794464111, 424.4703063964844
6, -5442.96252989769, 2, 15.33973328396678, 739, 111202,                                             111202, 7.506972789764404, 424.4654235839844
7, -7435.167036890984, 2, 38.413211829029024, 1891, 113093,                                             113093, 7.324666976928711, 426.7521667480469
8, -5569.09875702858, 2, 14.334342107991688, 715, 113808,                                             113808, 7.656448841094971, 427.7996826171875
9, -7974.458794891834, 2, 44.626960334018804, 2157, 115965,                                             115965, 7.889989376068115, 427.1217346191406
10, -6094.045306921005, 2, 23.353651167009957, 1135, 117100,                                             117100, 8.163680076599121, 428.52557373046875
11, -3627.463854253292, 2, 11.04454747599084, 547, 117647,                                             117647, 8.20753002166748, 430.1799621582031
12, -5277.177729606628, 2, 16.544735413976014, 788, 118435,                                             118435, 7.599545478820801, 428.191162109375
13, 1394.3250962346792, 1, 13.554939505993389, 658, 119093,                                             119093, 8.482892036437988, 433.2194519042969
14, 316.29258465766907, 1, 23.758624776033685, 1139, 120232,                                             120232, 8.837528228759766, 430.0869445800781
15, -3317.207700431347, 1, 54.458394203102216, 2666, 122898,                                             122898, 8.092923164367676, 429.2960510253906
16, 1323.096133172512, 1, 14.535193935967982, 698, 123596,                                             123596, 8.260309219360352, 424.85076904296875
17, 664.8587822914124, 1, 20.368980640079826, 994, 124590,                                             124590, 8.786314964294434, 425.66290283203125
18, -24083.18289554119, 1, 219.42496029194444, 10954, 135544,                                             135544, 8.024338722229004, 418.98175048828125
19, 1619.3864114284515, 1, 11.54259558301419, 561, 136105,                                             136105, 7.86062479019165, 411.72119140625
20, 552.24578166008, 1, 18.349916137987748, 912, 137017,                                             137017, 7.619655132293701, 411.5728454589844
21, 1278.013727515936, 1, 16.47563753509894, 818, 137835,                                             137835, 8.560276985168457, 412.9064025878906
22, 749.7276081442833, 1, 17.344255033065565, 835, 138670,                                             138670, 7.822675704956055, 411.3691101074219
23, 1106.9668153822422, 1, 15.55693748604972, 769, 139439,                                             139439, 7.339509010314941, 408.55322265625
24, 1220.3141207695007, 1, 13.1211106920382, 640, 140079,                                             140079, 8.127321243286133, 405.2161560058594
25, -1080.699131846428, 1, 26.987576860934496, 1384, 141463,                                             141463, 7.667638301849365, 405.3171081542969
26, 1039.0252435207367, 1, 17.745220598997548, 860, 142323,                                             142323, 7.886683940887451, 404.92401123046875
27, 871.3776287436485, 1, 15.766150827985257, 768, 143091,                                             143091, 8.273787498474121, 401.8148498535156
28, 1070.643968462944, 1, 15.33848154800944, 766, 143857,                                             143857, 8.000361442565918, 404.0594482421875
29, 803.4990909695625, 1, 14.739769596024416, 702, 144559,                                             144559, 7.617930889129639, 402.085205078125
30, 790.8567632585764, 1, 16.769025099929422, 812, 145371,                                             145371, 7.739541053771973, 402.7684326171875
31, 1386.0441562533379, 1, 12.424802863039076, 593, 145964,                                             145964, 8.171351432800293, 402.5831604003906
32, 1436.6130728423595, 1, 13.758123329025693, 687, 146651,                                             146651, 8.04676342010498, 399.1425476074219
33, 835.1182386875153, 1, 14.737526581040584, 727, 147378,                                             147378, 7.82766580581665, 398.9028625488281
34, 1976.373978704214, 1, 7.739865917945281, 397, 147775,                                             147775, 9.03693962097168, 403.76385498046875
35, 1182.6312348246574, 1, 16.141916779102758, 773, 148548,                                             148548, 8.303829193115234, 394.3635559082031
36, -2378.047010600567, 1, 45.63403511303477, 2276, 150824,                                             150824, 8.122673988342285, 396.71466064453125
37, 1370.0241466611624, 1, 12.725699104950763, 613, 151437,                                             151437, 8.163320541381836, 393.27392578125
38, 1558.7011495530605, 1, 13.352033164002933, 641, 152078,                                             152078, 8.792801856994629, 391.76617431640625
39, 1005.6072788834572, 1, 16.139094798942097, 815, 152893,                                             152893, 8.343408584594727, 395.9490661621094
40, 1788.8626048266888, 1, 9.741259755101055, 485, 153378,                                             153378, 8.450824737548828, 390.6634521484375
41, 812.074230670929, 1, 16.239127911045216, 824, 154202,                                             154202, 8.144838333129883, 389.8812561035156
42, 795.4147800803185, 1, 16.763683142024092, 870, 155072,                                             155072, 8.131985664367676, 389.0420227050781
43, 1477.8426991701126, 1, 13.335035550990142, 653, 155725,                                             155725, 8.791804313659668, 389.05657958984375
44, 1091.5027302503586, 1, 15.756609134026803, 769, 156494,                                             156494, 8.29830265045166, 387.778076171875
45, -57.44656813144684, 1, 23.154588952078484, 1146, 157640,                                             157640, 8.493440628051758, 387.60809326171875
46, 934.4642425179482, 1, 16.568671577028, 809, 158449,                                             158449, 7.763303279876709, 385.8810119628906
47, 1616.382557630539, 1, 12.934049980947748, 607, 159056,                                             159056, 8.162114143371582, 385.6042175292969
48, 1566.5502614974976, 1, 12.743947083945386, 608, 159664,                                             159664, 7.8046979904174805, 383.9223937988281
49, 1247.0224204063416, 1, 16.135701279970817, 779, 160443,                                             160443, 7.977754592895508, 383.8862609863281
50, 1466.945327758789, 1, 12.126647994038649, 569, 161012,                                             161012, 8.074896812438965, 380.9045104980469
51, 1432.5813474059105, 1, 13.424390811938792, 663, 161675,                                             161675, 8.135019302368164, 383.7253112792969
52, 538.8395950198174, 1, 18.96625448600389, 936, 162611,                                             162611, 8.84620189666748, 379.9523010253906
53, 869.1807116270065, 1, 16.743202506913804, 837, 163448,                                             163448, 7.92764139175415, 380.8948974609375
54, 699.5275792479515, 1, 16.970597962033935, 814, 164262,                                             164262, 8.03711223602295, 379.08526611328125
55, 792.3223131299019, 1, 18.143616009969264, 878, 165140,                                             165140, 8.820443153381348, 375.1842041015625
56, 1008.5508373230696, 1, 19.35190634301398, 921, 166061,                                             166061, 8.932454109191895, 375.58538818359375
57, 1060.216426372528, 1, 14.758872139034793, 727, 166788,                                             166788, 8.489006996154785, 374.7560729980469
58, 1773.5526270866394, 1, 10.126116784056649, 494, 167282,                                             167282, 8.709882736206055, 373.2439880371094
59, 1090.287451595068, 1, 12.760350935044698, 639, 167921,                                             167921, 8.467938423156738, 372.1681823730469
60, 1275.9585026204586, 1, 14.937265850952826, 709, 168630,                                             168630, 8.8404541015625, 372.57757568359375
61, 1452.752396762371, 1, 14.053977352916263, 706, 169336,                                             169336, 8.23981761932373, 375.1567077636719
62, 1376.751419633627, 1, 15.942160998936743, 756, 170092,                                             170092, 8.61356258392334, 370.9130554199219
63, 1410.248928874731, 1, 14.560469503048807, 723, 170815,                                             170815, 8.107490539550781, 366.7649841308594
64, 1030.3029650449753, 1, 14.934421262005344, 761, 171576,                                             171576, 8.536824226379395, 371.59539794921875
65, 1096.8329817652702, 1, 16.56289767601993, 809, 172385,                                             172385, 8.992613792419434, 371.7172546386719
66, 1251.2978240847588, 1, 15.541079915943556, 765, 173150,                                             173150, 8.62023639678955, 366.646484375
67, 1647.6158035695553, 1, 12.53154315892607, 598, 173748,                                             173748, 8.09526538848877, 364.8383483886719
68, 1816.0085308253765, 1, 9.343157768016681, 465, 174213,                                             174213, 8.950411796569824, 362.8560791015625
69, 1283.4924073815346, 1, 11.327109251986258, 562, 174775,                                             174775, 8.953171730041504, 362.6505432128906
70, 1315.0035589933395, 1, 12.331259467988275, 617, 175392,                                             175392, 8.766260147094727, 362.8746643066406
71, 1443.6804434359074, 1, 12.63703620096203, 632, 176024,                                             176024, 8.073003768920898, 364.18658447265625
72, 1761.232456356287, 1, 10.926968079991639, 544, 176568,                                             176568, 8.938392639160156, 361.45098876953125
73, 968.7181441187859, 1, 13.73740684601944, 651, 177219,                                             177219, 7.833446025848389, 362.275634765625
74, 1745.5200635194778, 1, 10.550395986065269, 508, 177727,                                             177727, 8.307737350463867, 364.74383544921875
75, 1755.4532815515995, 1, 11.325694088940509, 537, 178264,                                             178264, 8.704422950744629, 361.6608581542969
76, 1732.230107396841, 1, 13.758502688026056, 646, 178910,                                             178910, 9.23360824584961, 362.4446716308594
77, -3915.4471628665924, 2, 8.119548581074923, 390, 179300,                                             179300, 8.777958869934082, 358.6416015625
78, 1200.444459617138, 1, 14.942896373104304, 728, 180028,                                             180028, 8.282078742980957, 361.8741455078125
79, 1385.393338471651, 1, 16.16436903201975, 804, 180832,                                             180832, 9.209025382995605, 361.461181640625
80, 1418.867692142725, 1, 14.933065729914233, 723, 181555,                                             181555, 9.02694034576416, 358.34698486328125
81, 1312.079273313284, 1, 13.453269047895446, 631, 182186,                                             182186, 9.748912811279297, 356.9032897949219
82, 722.3554477393627, 1, 17.7436505620135, 867, 183053,                                             183053, 9.087647438049316, 358.54510498046875
83, 348.9502167105675, 1, 18.174320313031785, 908, 183961,                                             183961, 8.538880348205566, 355.98321533203125
84, 1321.1519595980644, 1, 12.531047967961058, 594, 184555,                                             184555, 9.499256134033203, 358.1470031738281
85, 1781.272105038166, 1, 12.933177910046652, 617, 185172,                                             185172, 8.311739921569824, 354.760986328125
86, 1693.2959977835417, 1, 13.735696120071225, 660, 185832,                                             185832, 8.896347999572754, 352.48876953125
87, 1762.3338623642921, 1, 12.95213332795538, 656, 186488,                                             186488, 8.957770347595215, 354.76971435546875
88, 1373.6470274925232, 1, 17.94494608603418, 881, 187369,                                             187369, 8.64677906036377, 350.167236328125
89, 1432.810364216566, 1, 11.942439935985021, 590, 187959,                                             187959, 9.403103828430176, 352.00616455078125
90, 1999.6217590272427, 1, 10.124793949071318, 471, 188430,                                             188430, 9.765227317810059, 351.691162109375
91, -4032.12646651268, 2, 8.010813012951985, 387, 188817,                                             188817, 9.105506896972656, 351.474365234375
92, 2148.1217219233513, 1, 5.517225275048986, 249, 189066,                                             189066, 9.652632713317871, 350.3570861816406
93, 1688.9698091745377, 1, 9.54616426199209, 477, 189543,                                             189543, 9.250669479370117, 353.25299072265625
94, 1894.4596477150917, 1, 11.327660343958996, 542, 190085,                                             190085, 9.149284362792969, 350.9059753417969
95, 1159.6257739961147, 1, 14.767505452036858, 716, 190801,                                             190801, 8.794856071472168, 349.57366943359375
96, -2334.8902942836285, 1, 28.37171711307019, 1374, 192175,                                             192175, 8.739278793334961, 351.09381103515625
97, 92.34018847346306, 1, 22.572333069052547, 1116, 193291,                                             193291, 9.162496566772461, 351.2833251953125
98, 1165.1236878931522, 1, 15.74451530794613, 760, 194051,                                             194051, 8.820119857788086, 345.9591369628906
99, 1258.641531586647, 1, 13.159641833975911, 621, 194672,                                             194672, 8.494519233703613, 346.2693786621094
100, 1348.0692691206932, 1, 14.33822231204249, 714, 195386,                                             195386, 8.51724910736084, 347.5343933105469
101, -3893.380662918091, 1, 22.889011731022038, 1133, 196519,                                             196519, 9.195685386657715, 352.3318786621094
102, 26.53934806585312, 1, 20.956337634008378, 1024, 197543,                                             197543, 9.064126968383789, 353.5433044433594
103, -462.11801755428314, 1, 32.19914419809356, 1567, 199110,                                             199110, 9.01900577545166, 353.16998291015625
104, 1863.8812443315983, 1, 10.726478592958301, 521, 199631,                                             199631, 9.425363540649414, 351.39971923828125
105, 1463.4263112545013, 1, 11.748617790988646, 574, 200205,                                             200205, 8.89439868927002, 352.90008544921875
106, -948.5369095206261, 1, 31.17567302507814, 1540, 201745,                                             201745, 9.197224617004395, 351.0179748535156
107, 2085.1529173851013, 1, 8.723135951906443, 398, 202143,                                             202143, 9.837822914123535, 348.6643371582031
108, 925.3277345895767, 1, 14.55759430094622, 710, 202853,                                             202853, 9.089672088623047, 347.224365234375
109, 1422.6120428442955, 1, 14.134509011986665, 660, 203513,                                             203513, 9.367086410522461, 348.2125244140625
110, 903.9905357956886, 1, 18.158502468955703, 889, 204402,                                             204402, 8.975249290466309, 347.12335205078125
111, 646.9305359125137, 1, 19.226616253028624, 936, 205338,                                             205338, 9.52971363067627, 346.3624572753906
112, 965.7196563482285, 1, 16.94820080907084, 822, 206160,                                             206160, 8.809325218200684, 343.3921203613281
113, 570.8654725551605, 1, 19.37729081895668, 938, 207098,                                             207098, 8.708985328674316, 343.2012023925781
114, 1352.8458400964737, 1, 11.93227614404168, 577, 207675,                                             207675, 9.44765853881836, 343.34857177734375
115, 1431.3582603037357, 1, 12.547694101114757, 593, 208268,                                             208268, 8.888284683227539, 340.3695373535156
116, 1040.578219115734, 1, 13.333979849005118, 660, 208928,                                             208928, 9.38481330871582, 340.2806091308594
117, 541.7109954357147, 1, 21.37679415103048, 1048, 209976,                                             209976, 10.232443809509277, 338.83526611328125
118, 1146.1631146669388, 1, 10.32394084695261, 487, 210463,                                             210463, 8.808205604553223, 339.7870178222656
119, 1831.1581044197083, 1, 10.524290945963003, 506, 210969,                                             210969, 9.059080123901367, 335.54608154296875
120, 1450.6570964455605, 1, 11.751146933995187, 573, 211542,                                             211542, 8.807174682617188, 336.4596862792969
121, 1979.3188674747944, 1, 7.972161617944948, 381, 211923,                                             211923, 8.429000854492188, 339.8485107421875
122, 1724.625337332487, 1, 10.350027088075876, 512, 212435,                                             212435, 9.561448097229004, 336.92724609375
123, 1834.6404119729996, 1, 9.12406343803741, 442, 212877,                                             212877, 10.766955375671387, 336.4144592285156
124, 1391.9743564724922, 1, 10.544899704982527, 518, 213395,                                             213395, 9.663643836975098, 334.69427490234375
125, 1397.0402452647686, 1, 11.931075201020576, 587, 213982,                                             213982, 9.081803321838379, 331.5381164550781
126, 1849.9564042687416, 1, 10.348578743054532, 497, 214479,                                             214479, 8.929776191711426, 329.89971923828125
127, 1290.5405865311623, 1, 13.736198388040066, 647, 215126,                                             215126, 8.525745391845703, 328.4258728027344
128, 393.7854437828064, 1, 20.973528332076967, 1031, 216157,                                             216157, 8.922796249389648, 328.4504089355469
129, 824.6224568486214, 1, 18.346282232087106, 880, 217037,                                             217037, 8.87352180480957, 328.31182861328125
130, 493.0646668076515, 1, 20.953589774901047, 1031, 218068,                                             218068, 8.784601211547852, 325.4599609375
131, 868.8040686249733, 1, 18.212818845990114, 893, 218961,                                             218961, 8.246450424194336, 324.8316345214844
132, 1878.493835568428, 1, 8.352183206938207, 403, 219364,                                             219364, 8.910798072814941, 324.90655517578125
133, 1503.776709973812, 1, 14.939247122965753, 728, 220092,                                             220092, 8.164704322814941, 323.8790588378906
134, 1555.9692488312721, 1, 13.36005514091812, 631, 220723,                                             220723, 8.836640357971191, 321.155517578125
135, 1744.160109192133, 1, 11.930196075933054, 555, 221278,                                             221278, 8.389137268066406, 323.91796875
136, 1619.6455629765987, 1, 11.953960346989334, 575, 221853,                                             221853, 8.83826732635498, 319.95989990234375
137, 1370.8988497257233, 1, 13.530531562981196, 655, 222508,                                             222508, 7.849575996398926, 319.78021240234375
138, 305.9676325917244, 1, 19.771633869968355, 969, 223477,                                             223477, 8.919869422912598, 321.82464599609375
139, 1102.7114416062832, 1, 14.933883739984594, 716, 224193,                                             224193, 8.663288116455078, 316.7290954589844
140, 1020.9647847115993, 1, 15.539419695967808, 778, 224971,                                             224971, 8.976855278015137, 318.0392761230469
141, 1006.0750330686569, 1, 18.83648727100808, 928, 225899,                                             225899, 8.273796081542969, 314.28497314453125
142, 671.2494323551655, 1, 17.546352731995285, 841, 226740,                                             226740, 9.119154930114746, 315.3704528808594
143, 931.8160456717014, 1, 17.1635067720199, 826, 227566,                                             227566, 8.13885498046875, 313.92510986328125
144, 916.6739295125008, 1, 20.74988925398793, 1002, 228568,                                             228568, 8.735151290893555, 313.50244140625
145, 1103.3296131193638, 1, 16.34083749295678, 789, 229357,                                             229357, 8.916702270507812, 310.9179992675781
146, 1876.2618134617805, 1, 9.351916340063326, 457, 229814,                                             229814, 8.558006286621094, 313.4491882324219
147, 725.8778110146523, 1, 20.547218716004863, 982, 230796,                                             230796, 8.429790496826172, 311.7750549316406
148, 1090.0840991139412, 1, 14.966756629059091, 734, 231530,                                             231530, 8.522255897521973, 309.6383972167969
149, 574.4049614667892, 1, 18.14437671599444, 869, 232399,                                             232399, 8.780411720275879, 309.8684997558594
150, 1580.6404207348824, 1, 11.729318202007562, 570, 232969,                                             232969, 7.401823043823242, 306.1709899902344
151, 783.6584067046642, 1, 19.222944073961116, 941, 233910,                                             233910, 8.47795581817627, 307.6441955566406
152, 221.16569417715073, 1, 22.757437670021318, 1097, 235007,                                             235007, 8.097676277160645, 306.5505676269531
153, 1408.3297438174486, 1, 13.95256571797654, 659, 235666,                                             235666, 8.387528419494629, 307.4087829589844
154, 1514.4261347055435, 1, 13.939290349022485, 664, 236330,                                             236330, 8.255864143371582, 305.1323547363281
155, 1286.512953132391, 1, 16.760588818928227, 794, 237124,                                             237124, 8.585738182067871, 302.8326416015625
156, 993.2025221884251, 1, 19.75232401303947, 947, 238071,                                             238071, 8.15664005279541, 302.43450927734375
157, 1299.3385474979877, 1, 14.364328021067195, 674, 238745,                                             238745, 9.005688667297363, 301.053955078125
158, 1141.6958502829075, 1, 13.134577876073308, 629, 239374,                                             239374, 8.622710227966309, 302.0926208496094
159, 862.1294236332178, 1, 17.965333435917273, 840, 240214,                                             240214, 9.240076065063477, 303.2568664550781
160, 555.8455339670181, 1, 20.75481066701468, 1025, 241239,                                             241239, 8.483457565307617, 299.8857421875
161, 1025.9662360548973, 1, 19.42137983709108, 921, 242160,                                             242160, 9.010194778442383, 299.077392578125
162, 1101.27114918828, 1, 17.33923587494064, 836, 242996,                                             242996, 9.698427200317383, 298.82208251953125
163, 1501.330316632986, 1, 14.540607409900986, 682, 243678,                                             243678, 8.502501487731934, 297.6161193847656
164, 1385.3188821673393, 1, 15.136266132001765, 739, 244417,                                             244417, 8.745657920837402, 296.0876159667969
165, 1565.3673132658005, 1, 10.732039651018567, 515, 244932,                                             244932, 8.7599458694458, 298.9776611328125
166, 1014.6008605957031, 1, 20.974070082069375, 1023, 245955,                                             245955, 8.990120887756348, 295.2765808105469
167, 1241.4361573159695, 1, 15.943513981066644, 766, 246721,                                             246721, 8.296468734741211, 296.416015625
168, 1595.9299757182598, 1, 11.752339325961657, 564, 247285,                                             247285, 8.356234550476074, 294.4590759277344
169, 1128.664367377758, 1, 14.737032955978066, 720, 248005,                                             248005, 7.993687629699707, 294.37640380859375
170, 1069.1370785832405, 1, 15.93975194497034, 778, 248783,                                             248783, 7.641106605529785, 295.4179382324219
171, 1791.7015259563923, 1, 9.5717599010095, 452, 249235,                                             249235, 8.123895645141602, 292.4607238769531
172, 1508.4244394600391, 1, 12.131781510077417, 594, 249829,                                             249829, 8.47506046295166, 293.0766906738281
173, 1279.7190418839455, 1, 14.360174476052634, 696, 250525,                                             250525, 8.36789321899414, 293.7978515625
174, 1464.0453759133816, 1, 11.331444657058455, 561, 251086,                                             251086, 8.67396068572998, 291.3365478515625
175, 978.25246784091, 1, 16.14105020905845, 785, 251871,                                             251871, 8.660717010498047, 291.5295104980469
176, 769.7932969331741, 1, 20.77504112792667, 981, 252852,                                             252852, 8.739731788635254, 287.9259033203125
177, 1408.9403836280107, 1, 16.144199137110263, 782, 253634,                                             253634, 8.291975021362305, 290.0838928222656
178, 1206.7707247436047, 1, 15.76068381301593, 750, 254384,                                             254384, 8.42174243927002, 286.70440673828125
179, 1440.6216334998608, 1, 10.525262346025556, 512, 254896,                                             254896, 7.6757493019104, 288.4800720214844
180, 2083.355481594801, 1, 7.5221726059680805, 369, 255265,                                             255265, 8.534029960632324, 287.0758361816406
181, 1399.3337032198906, 1, 11.776945603080094, 585, 255850,                                             255850, 9.126036643981934, 286.6611328125
182, 1885.391250193119, 1, 8.92314502899535, 415, 256265,                                             256265, 8.949182510375977, 285.1418762207031
183, 1486.0906910002232, 1, 14.15104178909678, 680, 256945,                                             256945, 10.068116188049316, 286.1917419433594
184, 1353.1479108929634, 1, 13.931890922016464, 688, 257633,                                             257633, 8.233059883117676, 284.0356750488281
185, 1779.2222223877907, 1, 10.348408762016334, 509, 258142,                                             258142, 8.405454635620117, 282.93048095703125
186, 1664.355039358139, 1, 13.533467983012088, 634, 258776,                                             258776, 9.836175918579102, 287.6901550292969
187, 1435.6902539730072, 1, 13.53948155301623, 629, 259405,                                             259405, 8.48281192779541, 284.8786315917969
188, 1378.4889153242111, 1, 13.337214483995922, 644, 260049,                                             260049, 8.461864471435547, 281.3078308105469
189, 1551.4072709679604, 1, 11.3286652660463, 558, 260607,                                             260607, 9.273316383361816, 282.02728271484375
190, 1875.218345373869, 1, 9.147498970036395, 450, 261057,                                             261057, 8.394242286682129, 282.9085388183594
191, 1430.5748081207275, 1, 12.375387503998354, 557, 261614,                                             261614, 8.120539665222168, 282.8025817871094
192, 1431.3838264644146, 1, 13.558520986000076, 633, 262247,                                             262247, 8.029275894165039, 279.9869079589844
193, 1752.2131752073765, 1, 9.725774856982753, 451, 262698,                                             262698, 9.41309642791748, 281.9942321777344
194, 1346.0336275994778, 1, 13.13210591499228, 612, 263310,                                             263310, 8.768797874450684, 281.6207580566406
195, 1403.559788942337, 1, 11.930007330025546, 585, 263895,                                             263895, 9.244333267211914, 279.93902587890625
196, 1189.762139648199, 1, 13.557020628941245, 671, 264566,                                             264566, 8.030603408813477, 281.15496826171875
197, 1806.0154998600483, 1, 12.130171022959985, 579, 265145,                                             265145, 7.711390972137451, 275.18682861328125
198, 1020.5769183933735, 1, 20.548442339990288, 992, 266137,                                             266137, 8.575382232666016, 276.2651062011719
199, 1556.7202516794205, 1, 10.942800597986206, 530, 266667,                                             266667, 7.791379451751709, 276.29290771484375
200, 1871.7699191868305, 1, 9.123513630940579, 423, 267090,                                             267090, 8.989501953125, 276.6839904785156
201, 1461.424307346344, 1, 10.220873991958797, 484, 267574,                                             267574, 9.552266120910645, 278.0477294921875
202, 1625.4362113177776, 1, 9.52491908997763, 440, 268014,                                             268014, 8.301159858703613, 276.3285827636719
203, 1640.0179602354765, 1, 11.734409485943615, 564, 268578,                                             268578, 9.572202682495117, 273.0201110839844
204, 912.409087061882, 1, 20.751724533038214, 994, 269572,                                             269572, 8.72860050201416, 275.9794921875
205, 1421.5117348134518, 1, 11.331442359020002, 565, 270137,                                             270137, 8.524007797241211, 272.75262451171875
206, 1223.8708938360214, 1, 12.550188763067126, 609, 270746,                                             270746, 8.398405075073242, 272.893798828125
207, 1297.0905013978481, 1, 16.13671074504964, 768, 271514,                                             271514, 9.14691162109375, 271.7889099121094
208, 1763.812244772911, 1, 12.331452342914417, 593, 272107,                                             272107, 7.8261613845825195, 272.4090576171875
209, 1058.3262930512428, 1, 20.151926120044664, 966, 273073,                                             273073, 8.533599853515625, 271.1708984375
210, 1479.6389130055904, 1, 13.133309700991958, 640, 273713,                                             273713, 8.742918968200684, 272.3571472167969
211, 1672.793286114931, 1, 9.133041874039918, 429, 274142,                                             274142, 7.079535961151123, 270.3918762207031
212, 1864.4154271483421, 1, 10.14530997001566, 489, 274631,                                             274631, 7.737090587615967, 268.8533630371094
213, 1578.6043321192265, 1, 11.72741314501036, 575, 275206,                                             275206, 9.09019660949707, 269.38250732421875
214, 1907.4557203054428, 1, 9.139877263922244, 447, 275653,                                             275653, 8.784422874450684, 270.96038818359375
215, 1139.7742819488049, 1, 17.343915692996234, 805, 276458,                                             276458, 9.065682411193848, 270.68426513671875
216, 1169.4148806333542, 1, 15.160981582012028, 735, 277193,                                             277193, 8.147764205932617, 269.68585205078125
217, 1278.6147737503052, 1, 15.337914446019568, 746, 277939,                                             277939, 8.809128761291504, 266.47625732421875
218, 1501.1732096374035, 1, 13.558710096986033, 670, 278609,                                             278609, 9.285123825073242, 266.3839111328125
219, 1576.07360085845, 1, 10.726914042024873, 497, 279106,                                             279106, 9.666893005371094, 269.5361022949219
220, 2051.125027805567, 1, 7.5447603269713, 355, 279461,                                             279461, 8.535622596740723, 265.3702392578125
221, 1215.4114429056644, 1, 14.726988218026236, 691, 280152,                                             280152, 8.737289428710938, 263.65753173828125
222, 1731.990266740322, 1, 9.32740507600829, 435, 280587,                                             280587, 8.580995559692383, 265.6429138183594
223, 1352.3286154568195, 1, 12.754513649037108, 642, 281229,                                             281229, 8.69284439086914, 266.1256408691406
224, 1743.960400134325, 1, 12.927831333014183, 597, 281826,                                             281826, 8.784538269042969, 263.3913879394531
225, 1360.6299806833267, 1, 14.136692652013153, 670, 282496,                                             282496, 7.874093532562256, 262.2625732421875
226, 1673.268485069275, 1, 8.922059328993782, 430, 282926,                                             282926, 8.711095809936523, 262.7547912597656
227, 1462.3996066749096, 1, 13.14956530497875, 631, 283557,                                             283557, 8.37086009979248, 262.6629943847656
228, 1331.4551416039467, 1, 13.534056796925142, 658, 284215,                                             284215, 8.781562805175781, 262.9482421875
229, 1628.2327642440796, 1, 11.357941834023222, 549, 284764,                                             284764, 9.950140953063965, 264.07611083984375
230, 1619.6897868812084, 1, 11.931383584975265, 576, 285340,                                             285340, 8.44804573059082, 263.3515319824219
231, 1330.332012206316, 1, 16.557811156962998, 818, 286158,                                             286158, 10.256927490234375, 259.7881164550781
232, 1018.4531695246696, 1, 18.94943268795032, 903, 287061,                                             287061, 9.175080299377441, 259.0416564941406
233, 1383.2910445779562, 1, 12.934589574928395, 625, 287686,                                             287686, 9.11687183380127, 259.60858154296875
234, 1583.7011102735996, 1, 9.539728572010063, 463, 288149,                                             288149, 10.27257251739502, 257.2399597167969
235, 1531.0129709243774, 1, 10.525305995950475, 507, 288656,                                             288656, 8.686484336853027, 259.8088073730469
236, 1906.0290305912495, 1, 8.119084052974358, 395, 289051,                                             289051, 8.644450187683105, 256.22259521484375
237, 2024.3328902423382, 1, 7.949936346034519, 370, 289421,                                             289421, 7.026907444000244, 257.30560302734375
238, 1498.2641494870186, 1, 10.744197542080656, 517, 289938,                                             289938, 8.51003646850586, 259.7328796386719
239, 1504.0837330818176, 1, 12.731511384015903, 616, 290554,                                             290554, 9.279349327087402, 258.7315673828125
240, 1429.190318211913, 1, 16.960845359019004, 823, 291377,                                             291377, 10.22415828704834, 258.5997009277344
241, 1341.4761654734612, 1, 16.534222987946123, 799, 292176,                                             292176, 9.005579948425293, 258.0758056640625
242, 1551.6555877923965, 1, 9.948410657932982, 483, 292659,                                             292659, 8.988588333129883, 255.8319091796875
243, 2103.4227062165737, 1, 7.917359788902104, 386, 293045,                                             293045, 8.22181224822998, 257.79791259765625
244, 1569.12207326293, 1, 13.53729043097701, 654, 293699,                                             293699, 9.338610649108887, 255.32659912109375
245, 1433.7776798307896, 1, 14.35266497998964, 700, 294399,                                             294399, 8.986504554748535, 257.2222595214844
246, 1493.0477676987648, 1, 13.3354127490893, 644, 295043,                                             295043, 8.265250205993652, 254.49310302734375
247, 1492.6242933571339, 1, 11.54995106998831, 552, 295595,                                             295595, 8.859487533569336, 254.41519165039062
248, 1506.785423219204, 1, 11.928173017920926, 567, 296162,                                             296162, 8.435690879821777, 255.3811798095703
249, 1461.5484592020512, 1, 12.754600101034157, 612, 296774,                                             296774, 8.462383270263672, 253.48008728027344
250, 1808.4007320404053, 1, 7.719727808027528, 368, 297142,                                             297142, 8.526745796203613, 254.5614776611328
251, 1513.064066261053, 1, 12.766281564021483, 611, 297753,                                             297753, 8.24691104888916, 251.9381103515625
252, 1306.2103239893913, 1, 17.545520287938416, 825, 298578,                                             298578, 8.287054061889648, 252.4203643798828
253, 1504.2776420414448, 1, 13.155222308007069, 634, 299212,                                             299212, 8.90112018585205, 253.26947021484375
254, 1518.557670250535, 1, 15.739169734995812, 759, 299971,                                             299971, 9.176294326782227, 252.32122802734375
255, 1500.336950212717, 1, 12.762598196975887, 588, 300559,                                             300559, 8.170714378356934, 250.15975952148438
256, 1470.3862209767103, 1, 14.73551701696124, 720, 301279,                                             301279, 8.382838249206543, 252.13719177246094
257, 1289.65299603343, 1, 14.351386344991624, 703, 301982,                                             301982, 8.880172729492188, 252.05364990234375
258, 1453.937892317772, 1, 12.12818816199433, 577, 302559,                                             302559, 9.289617538452148, 249.9856719970703
259, 1583.1648469865322, 1, 13.753175680991262, 664, 303223,                                             303223, 8.531373977661133, 248.7198028564453
260, 1621.4292069375515, 1, 9.924191218917258, 458, 303681,                                             303681, 8.282757759094238, 250.25350952148438
261, 1502.942438006401, 1, 13.150408806977794, 636, 304317,                                             304317, 9.626570701599121, 250.34922790527344
262, 1615.7787757515907, 1, 11.730171645991504, 542, 304859,                                             304859, 8.115779876708984, 249.3517608642578
263, 1622.4898241758347, 1, 13.962757676956244, 676, 305535,                                             305535, 9.872891426086426, 247.01077270507812
264, 1062.7822463214397, 1, 18.746076943003573, 882, 306417,                                             306417, 7.944201946258545, 248.6461944580078
265, 1326.8528111726046, 1, 15.153598465025425, 722, 307139,                                             307139, 8.280949592590332, 247.640380859375
266, 1399.5408449172974, 1, 15.338260830030777, 742, 307881,                                             307881, 8.255036354064941, 247.43826293945312
267, 1396.6253914237022, 1, 13.958077805000357, 659, 308540,                                             308540, 8.462638854980469, 244.97705078125
268, 1356.3503898233175, 1, 16.340581075055525, 775, 309315,                                             309315, 8.066676139831543, 246.12962341308594
269, 1333.0279276967049, 1, 15.359721680986695, 698, 310013,                                             310013, 8.988187789916992, 244.75039672851562
270, 1582.5350396931171, 1, 12.332389599992894, 586, 310599,                                             310599, 8.570165634155273, 242.4458770751953
271, 1279.2332300841808, 1, 15.912476922036149, 776, 311375,                                             311375, 7.579420566558838, 241.87338256835938
272, 1517.5695720911026, 1, 9.72700272698421, 473, 311848,                                             311848, 8.638663291931152, 244.55540466308594
273, 1910.6941969692707, 1, 9.928527083946392, 471, 312319,                                             312319, 9.10258674621582, 245.2447052001953
274, 1567.5658887326717, 1, 12.151611976092681, 590, 312909,                                             312909, 7.406798839569092, 244.610595703125
275, 414.5538067817688, 1, 18.942942420952022, 900, 313809,                                             313809, 8.931059837341309, 244.13046264648438
276, 1334.9039674401283, 1, 14.338163422071375, 693, 314502,                                             314502, 8.43209457397461, 243.0958251953125
277, 1953.9664058089256, 1, 8.745533775072545, 424, 314926,                                             314926, 7.647751808166504, 242.58409118652344
278, 1159.1465784311295, 1, 18.14468145603314, 900, 315826,                                             315826, 9.642854690551758, 243.37306213378906
279, 1506.4253034591675, 1, 10.552097443956882, 509, 316335,                                             316335, 8.746254920959473, 242.02056884765625
280, 1378.457828849554, 1, 11.728478523087688, 559, 316894,                                             316894, 8.935542106628418, 241.5786590576172
281, 1935.7557625770569, 1, 8.960187935968861, 416, 317310,                                             317310, 8.500402450561523, 240.6962127685547
282, 2004.2229824662209, 1, 9.120757960015908, 414, 317724,                                             317724, 8.097949028015137, 242.222412109375
283, 1774.5134151279926, 1, 11.124860401032493, 515, 318239,                                             318239, 8.746831893920898, 242.90609741210938
284, 1595.865425080061, 1, 13.156960131018423, 603, 318842,                                             318842, 9.447257041931152, 241.58543395996094
285, 1534.1774752140045, 1, 11.729706584010273, 557, 319399,                                             319399, 8.851590156555176, 241.1248321533203
286, 1413.4028269648552, 1, 14.3567351649981, 679, 320078,                                             320078, 8.94767951965332, 241.0060272216797
287, 1293.6717368662357, 1, 16.33972792502027, 789, 320867,                                             320867, 9.29832649230957, 240.3176727294922
288, 1613.975177809596, 1, 13.731757685891353, 662, 321529,                                             321529, 8.11457633972168, 242.216552734375
289, 1434.7010897397995, 1, 15.553164722048678, 757, 322286,                                             322286, 8.375253677368164, 239.1448211669922
290, 1690.6640693843365, 1, 12.130263742990792, 567, 322853,                                             322853, 8.807730674743652, 239.0611572265625
291, 1793.8390270769596, 1, 8.30778855306562, 389, 323242,                                             323242, 8.50905704498291, 238.2264404296875
292, 1970.6631464362144, 1, 7.140040926053189, 349, 323591,                                             323591, 8.107028007507324, 239.3589324951172
293, 1522.9056521952152, 1, 11.728668794035912, 558, 324149,                                             324149, 9.0227689743042, 237.4253692626953
294, 1432.3639784753323, 1, 12.733307053917088, 578, 324727,                                             324727, 8.925569534301758, 238.38589477539062
295, 1626.3859246373177, 1, 12.555103227961808, 564, 325291,                                             325291, 8.666948318481445, 237.2191619873047
296, 1653.0021186769009, 1, 9.927808866021223, 477, 325768,                                             325768, 7.4319000244140625, 236.8201446533203
297, 1514.2989003956318, 1, 11.525833502993919, 550, 326318,                                             326318, 8.696045875549316, 237.62156677246094
298, 1896.2712041437626, 1, 7.5441202480578795, 376, 326694,                                             326694, 9.001789093017578, 235.29112243652344
299, 1461.5754134654999, 1, 10.731349588022567, 523, 327217,                                             327217, 8.438835144042969, 234.316162109375
300, 1428.0203497707844, 1, 12.55645758495666, 597, 327814,                                             327814, 8.656400680541992, 235.47186279296875
301, 1637.565987586975, 1, 9.407409303006716, 447, 328261,                                             328261, 8.432846069335938, 235.9158935546875
302, 1587.8002665787935, 1, 10.954789864947088, 551, 328812,                                             328812, 9.392385482788086, 237.19053649902344
303, 1903.451512336731, 1, 8.321713877958246, 391, 329203,                                             329203, 8.785316467285156, 235.4759063720703
304, 1557.9991560578346, 1, 13.152904967078939, 672, 329875,                                             329875, 10.35080337524414, 235.2252197265625
305, 1550.0445508658886, 1, 10.125836214981973, 474, 330349,                                             330349, 8.825796127319336, 235.5191650390625
306, 1680.6213970780373, 1, 12.130056812078692, 593, 330942,                                             330942, 9.747916221618652, 233.36126708984375
307, 1459.0096376538277, 1, 12.755400942987762, 615, 331557,                                             331557, 8.519250869750977, 233.18260192871094
308, 1536.4033758938313, 1, 9.52441524202004, 451, 332008,                                             332008, 7.996298313140869, 233.71852111816406
309, 1567.2726856470108, 1, 11.156598138972186, 545, 332553,                                             332553, 9.178790092468262, 235.04856872558594
310, 1878.919414281845, 1, 10.12470676691737, 484, 333037,                                             333037, 9.3334379196167, 233.38787841796875
311, 1676.9394645988941, 1, 13.905241102096625, 665, 333702,                                             333702, 8.85571002960205, 232.8550262451172
312, 1336.2356614470482, 1, 15.161882446031086, 743, 334445,                                             334445, 8.865317344665527, 232.20669555664062
313, 1528.9591899812222, 1, 11.12616312794853, 543, 334988,                                             334988, 8.714253425598145, 230.8280487060547
314, 1844.0974189341068, 1, 10.52791793702636, 491, 335479,                                             335479, 8.490180015563965, 232.09280395507812
315, 1281.5446435809135, 1, 14.942276431014761, 708, 336187,                                             336187, 9.213033676147461, 233.0028076171875
316, 1535.7539821863174, 1, 11.74862777092494, 546, 336733,                                             336733, 8.598989486694336, 230.99034118652344
317, 1939.99098148942, 1, 8.12312873499468, 381, 337114,                                             337114, 7.6708831787109375, 233.3671875
318, 1614.2147700190544, 1, 11.95444599201437, 583, 337697,                                             337697, 8.597739219665527, 232.2675323486328
319, 1481.862670302391, 1, 12.129073707968928, 577, 338274,                                             338274, 9.177057266235352, 230.38534545898438
320, 1648.7724470198154, 1, 10.12704096303787, 483, 338757,                                             338757, 10.26401138305664, 229.68954467773438
321, 1388.4791711866856, 1, 14.681165577028878, 689, 339446,                                             339446, 8.923747062683105, 231.86752319335938
322, 1623.1028533279896, 1, 10.944048562087119, 522, 339968,                                             339968, 8.009906768798828, 227.47720336914062
323, 1933.13094201684, 1, 10.527623749920167, 472, 340440,                                             340440, 9.920907020568848, 228.83319091796875
324, 1531.0177391469479, 1, 10.95592813193798, 530, 340970,                                             340970, 8.383560180664062, 228.86439514160156
325, 1467.331048130989, 1, 11.932689500041306, 586, 341556,                                             341556, 8.858241081237793, 228.14776611328125
326, 1351.8984913975, 1, 15.136620235047303, 720, 342276,                                             342276, 9.625401496887207, 227.80557250976562
327, 2021.0013917684555, 1, 7.1383499619551, 327, 342603,                                             342603, 8.84835433959961, 228.84193420410156
328, 2074.3822178840637, 1, 8.122286478988826, 380, 342983,                                             342983, 8.078986167907715, 228.63661193847656
329, 1388.727661371231, 1, 12.753534129005857, 607, 343590,                                             343590, 8.993045806884766, 228.6871337890625
330, 1798.6864571124315, 1, 11.528997062938288, 545, 344135,                                             344135, 9.069690704345703, 227.01461791992188
331, 1476.7225987613201, 1, 13.510884243063629, 640, 344775,                                             344775, 9.32348918914795, 227.49972534179688
332, 1616.3304144144058, 1, 10.322953155031428, 504, 345279,                                             345279, 9.267976760864258, 228.31105041503906
333, 1471.6643650233746, 1, 11.730032689054497, 555, 345834,                                             345834, 8.578099250793457, 227.24142456054688
334, 1522.6418458521366, 1, 12.534364813938737, 594, 346428,                                             346428, 7.711703777313232, 228.9192657470703
335, 1261.7781619429588, 1, 17.566315075033344, 841, 347269,                                             347269, 9.7845458984375, 225.11439514160156
336, 1044.0621242523193, 1, 20.14547372306697, 951, 348220,                                             348220, 9.767955780029297, 224.79734802246094
337, 1516.133804321289, 1, 13.355663757887669, 642, 348862,                                             348862, 8.686376571655273, 225.2269744873047
338, 1904.9251680970192, 1, 9.726925960974768, 452, 349314,                                             349314, 10.01560115814209, 226.6908416748047
339, 1151.8625936210155, 1, 16.15958802890964, 772, 350086,                                             350086, 9.34929370880127, 225.17832946777344
340, 1789.6883255392313, 1, 12.528453736100346, 578, 350664,                                             350664, 8.977858543395996, 226.46539306640625
341, 1595.1694621741772, 1, 13.682067447924055, 661, 351325,                                             351325, 9.08168888092041, 225.0265655517578
342, 1464.1007298529148, 1, 12.553051310009323, 613, 351938,                                             351938, 9.755537986755371, 223.7001495361328
343, 1524.2203183174133, 1, 11.129532334045507, 536, 352474,                                             352474, 9.462924003601074, 223.71949768066406
344, 1482.096366584301, 1, 13.755453991005197, 640, 353114,                                             353114, 9.09214973449707, 225.61190795898438
345, 1745.556562140584, 1, 11.929492107010446, 556, 353670,                                             353670, 7.984982013702393, 223.4234161376953
346, 1659.41913177073, 1, 14.340156023041345, 680, 354350,                                             354350, 9.160402297973633, 223.3711700439453
347, 1606.195266932249, 1, 10.928005276015028, 505, 354855,                                             354855, 9.161283493041992, 221.0580291748047
348, 1794.9696244299412, 1, 9.147239113925025, 417, 355272,                                             355272, 7.151183128356934, 221.28073120117188
349, 1434.3260395228863, 1, 12.127253405982628, 580, 355852,                                             355852, 9.083024978637695, 222.75253295898438
350, 1776.0867958068848, 1, 8.544847659068182, 412, 356264,                                             356264, 7.588102340698242, 223.73228454589844
351, 1663.7877252995968, 1, 13.2477808711119, 604, 356868,                                             356868, 8.640685081481934, 222.1280059814453
352, 1598.2420116066933, 1, 14.736555067938752, 692, 357560,                                             357560, 9.960474014282227, 222.56695556640625
353, 1399.3701747357845, 1, 13.534871008014306, 641, 358201,                                             358201, 8.629749298095703, 219.17784118652344
354, 1528.7417164742947, 1, 11.326687016990036, 516, 358717,                                             358717, 9.427481651306152, 220.10488891601562
355, 1727.741717606783, 1, 10.928015387966298, 513, 359230,                                             359230, 9.298287391662598, 222.1880340576172
356, 1066.7820019721985, 1, 18.770257527939975, 885, 360115,                                             360115, 8.951765060424805, 220.90982055664062
357, 1672.9790194928646, 1, 11.128927864949219, 520, 360635,                                             360635, 9.166902542114258, 220.8088836669922
358, 1855.3552291542292, 1, 10.755030895932578, 507, 361142,                                             361142, 8.168587684631348, 217.59327697753906
359, 1531.3631492555141, 1, 12.927872478030622, 592, 361734,                                             361734, 9.413371086120605, 217.33746337890625
360, 1606.784943163395, 1, 9.953142351005226, 470, 362204,                                             362204, 8.073661804199219, 220.87686157226562
361, 1876.1267448812723, 1, 8.606774272979237, 406, 362610,                                             362610, 8.33505630493164, 220.1161651611328
362, 1308.3779056966305, 1, 15.571070604026318, 743, 363353,                                             363353, 8.966866493225098, 219.00146484375
363, 1433.1872144788504, 1, 16.743112774915062, 788, 364141,                                             364141, 9.59990406036377, 218.98602294921875
364, 1533.896808564663, 1, 12.35180132498499, 591, 364732,                                             364732, 9.564396858215332, 218.2789306640625
365, 1596.2901654839516, 1, 9.727409853017889, 450, 365182,                                             365182, 7.474483966827393, 218.36904907226562
366, 1583.1574035584927, 1, 11.929868276929483, 565, 365747,                                             365747, 9.63629150390625, 218.90359497070312
367, 1535.742127597332, 1, 11.954772709985264, 562, 366309,                                             366309, 9.32082748413086, 217.54495239257812
368, 1497.796009451151, 1, 14.739348195958883, 684, 366993,                                             366993, 8.7959566116333, 218.57015991210938
369, 1300.574919551611, 1, 14.958798656007275, 710, 367703,                                             367703, 9.980409622192383, 216.7633819580078
370, 1610.689505904913, 1, 10.519889817922376, 514, 368217,                                             368217, 9.58802318572998, 217.2391815185547
371, 1694.6842953413725, 1, 10.074210189050063, 473, 368690,                                             368690, 9.458555221557617, 217.11415100097656
372, 1374.2693670094013, 1, 14.93275852908846, 710, 369400,                                             369400, 9.226768493652344, 214.8179168701172
373, 1415.0545632243156, 1, 16.944161935942248, 814, 370214,                                             370214, 9.082993507385254, 215.5917510986328
374, 1316.6925975680351, 1, 15.963902876945212, 759, 370973,                                             370973, 8.756046295166016, 215.9896697998047
375, 1416.2985219061375, 1, 14.735600398969837, 705, 371678,                                             371678, 8.7941312789917, 215.31907653808594
376, 1482.8020122647285, 1, 13.753229498048313, 652, 372330,                                             372330, 9.246867179870605, 214.59832763671875
377, 1485.8719716966152, 1, 14.356997126014903, 674, 373004,                                             373004, 9.624814987182617, 215.0192108154297
378, 1518.4124235510826, 1, 12.731083638966084, 581, 373585,                                             373585, 9.65371036529541, 217.06173706054688
379, 1495.6072742044926, 1, 10.748376025003381, 529, 374114,                                             374114, 9.279328346252441, 215.50289916992188
380, 1397.5565453767776, 1, 14.332820579060353, 687, 374801,                                             374801, 8.814953804016113, 215.8140869140625
381, 1654.0169141590595, 1, 11.452892616973259, 558, 375359,                                             375359, 9.291196823120117, 217.52371215820312
382, 1849.056374579668, 1, 7.343534909072332, 361, 375720,                                             375720, 8.860894203186035, 214.18736267089844
383, 1435.8354879915714, 1, 11.329663221957162, 533, 376253,                                             376253, 8.939680099487305, 212.27146911621094
384, 1479.7616809010506, 1, 13.34906671603676, 659, 376912,                                             376912, 9.42673110961914, 213.27182006835938
385, 1307.7747029960155, 1, 15.33891294489149, 722, 377634,                                             377634, 9.333073616027832, 213.85171508789062
386, 1368.0884608626366, 1, 15.163720445008948, 717, 378351,                                             378351, 9.141500473022461, 212.67002868652344
387, 1714.7594586014748, 1, 11.126888483995572, 533, 378884,                                             378884, 9.001776695251465, 211.90988159179688
388, 1738.6705227941275, 1, 9.952784110908397, 471, 379355,                                             379355, 9.738982200622559, 213.05174255371094
389, 1768.0766339302063, 1, 10.328064491972327, 483, 379838,                                             379838, 8.966605186462402, 213.2838897705078
390, 1178.9703632593155, 1, 17.946292731910944, 861, 380699,                                             380699, 8.811361312866211, 211.7710723876953
391, 1433.7971944212914, 1, 13.857143465080298, 670, 381369,                                             381369, 8.298599243164062, 212.38796997070312
392, 1608.2575806975365, 1, 11.53166864591185, 540, 381909,                                             381909, 8.931463241577148, 211.84054565429688
393, 1700.8649324774742, 1, 10.35038891597651, 499, 382408,                                             382408, 9.496943473815918, 211.69322204589844
394, 1749.5936783254147, 1, 9.923904697061516, 457, 382865,                                             382865, 9.196992874145508, 213.68716430664062
395, 1376.0699689984322, 1, 12.953609746997245, 630, 383495,                                             383495, 8.661171913146973, 213.17587280273438
396, 1574.1250938177109, 1, 12.329548456938937, 555, 384050,                                             384050, 9.865740776062012, 212.0157012939453
397, 1651.3379958868027, 1, 13.933715805062093, 647, 384697,                                             384697, 9.59276294708252, 211.99551391601562
398, 1633.214579641819, 1, 8.944584041950293, 418, 385115,                                             385115, 11.428021430969238, 211.6156768798828
399, 1673.5287526845932, 1, 9.122352366917767, 425, 385540,                                             385540, 9.832921981811523, 212.52867126464844
400, 1906.6260923147202, 1, 7.121321410057135, 320, 385860,                                             385860, 9.009466171264648, 210.1311798095703
401, 1917.1417960226536, 1, 9.79668671602849, 441, 386301,                                             386301, 9.636798858642578, 211.63885498046875
402, 1313.4219254553318, 1, 14.962430723942816, 735, 387036,                                             387036, 9.054230690002441, 211.87986755371094
403, 1496.6670625805855, 1, 12.524852805072442, 604, 387640,                                             387640, 8.774435997009277, 211.6765899658203
404, 1764.811839222908, 1, 11.329670695005916, 560, 388200,                                             388200, 8.845830917358398, 209.4569549560547
405, 1502.8101616501808, 1, 11.527629813994281, 533, 388733,                                             388733, 8.712937355041504, 212.0242462158203
406, 1460.0428920537233, 1, 15.362165026017465, 721, 389454,                                             389454, 8.35010814666748, 209.62835693359375
407, 1124.7003352046013, 1, 17.943092282977886, 854, 390308,                                             390308, 8.030731201171875, 211.6983642578125
408, 1601.2642698287964, 1, 13.156725442036986, 631, 390939,                                             390939, 9.095705032348633, 208.48728942871094
409, 1547.1006861925125, 1, 11.131766720092855, 520, 391459,                                             391459, 9.239580154418945, 210.2642364501953
410, 1604.4237721264362, 1, 11.156708967057057, 509, 391968,                                             391968, 9.641697883605957, 210.20620727539062
411, 1413.3089845776558, 1, 13.80385321599897, 644, 392612,                                             392612, 9.268759727478027, 208.7841339111328
412, 1592.9849808514118, 1, 9.929328521015123, 463, 393075,                                             393075, 9.752204895019531, 209.07901000976562
413, 1916.2098946273327, 1, 9.1428890270181, 442, 393517,                                             393517, 8.605790138244629, 208.50302124023438
414, 1607.7072852551937, 1, 10.137436000979505, 461, 393978,                                             393978, 9.964859008789062, 210.15020751953125
415, 2078.050807118416, 1, 6.918030078988522, 312, 394290,                                             394290, 7.88178014755249, 208.402099609375
416, 2068.4439957141876, 1, 7.136918121948838, 328, 394618,                                             394618, 9.887849807739258, 207.91539001464844
417, 1363.4375312924385, 1, 15.339952345006168, 741, 395359,                                             395359, 9.239479064941406, 207.80166625976562
418, 1297.1687850356102, 1, 16.96349017205648, 805, 396164,                                             396164, 9.171881675720215, 210.27627563476562
419, 1444.892625272274, 1, 13.33656021207571, 623, 396787,                                             396787, 8.66772747039795, 209.58421325683594
420, 1616.8706715404987, 1, 11.349655792000704, 539, 397326,                                             397326, 9.290581703186035, 209.58639526367188
421, 1655.520758152008, 1, 12.792262366041541, 600, 397926,                                             397926, 9.584345817565918, 207.7042999267578
422, 2010.5116536319256, 1, 8.923753540962934, 410, 398336,                                             398336, 10.651156425476074, 206.1087646484375
423, 1595.5319878160954, 1, 14.547518698032945, 680, 399016,                                             399016, 8.163061141967773, 209.0636444091797
424, 1876.6131371855736, 1, 9.122295295936055, 444, 399460,                                             399460, 8.468936920166016, 208.48623657226562
425, 1672.469606667757, 1, 9.153261312050745, 438, 399898,                                             399898, 9.588406562805176, 208.05203247070312
426, 1916.0026811659336, 1, 7.715388591983356, 347, 400245,                                             400245, 8.633283615112305, 206.99734497070312
427, 1772.2004622220993, 1, 11.524381543975323, 556, 400801,                                             400801, 8.798402786254883, 207.59999084472656
428, 1503.2055687010288, 1, 11.752278140047565, 558, 401359,                                             401359, 8.155237197875977, 207.67462158203125
429, 1634.3748753070831, 1, 12.1260970919393, 562, 401921,                                             401921, 9.437440872192383, 207.96726989746094
430, 1911.1999834477901, 1, 8.525106364977546, 410, 402331,                                             402331, 10.092424392700195, 208.5671844482422
431, 1551.3439716398716, 1, 11.189347808947787, 534, 402865,                                             402865, 9.64040470123291, 207.73532104492188
432, 1580.8149392008781, 1, 8.924088782048784, 428, 403293,                                             403293, 8.334816932678223, 209.11585998535156
433, 1831.6984121203423, 1, 7.747853884939104, 375, 403668,                                             403668, 9.558525085449219, 205.767333984375
434, 1700.7767324149609, 1, 11.326038900995627, 551, 404219,                                             404219, 9.763066291809082, 206.60926818847656
435, 1552.2835535109043, 1, 13.54933986091055, 646, 404865,                                             404865, 8.004375457763672, 207.0958251953125
436, 1583.575347006321, 1, 9.72005252004601, 470, 405335,                                             405335, 8.921881675720215, 205.55006408691406
437, 1553.5917885899544, 1, 9.726090210024267, 461, 405796,                                             405796, 9.322392463684082, 204.85060119628906
438, 1592.2732081711292, 1, 11.745913155027665, 555, 406351,                                             406351, 9.140380859375, 207.04840087890625
439, 1520.759858906269, 1, 12.93037795193959, 583, 406934,                                             406934, 8.936519622802734, 206.06292724609375
440, 1734.3734427690506, 1, 9.149836346972734, 439, 407373,                                             407373, 8.986052513122559, 206.21214294433594
441, 1601.7948412895203, 1, 10.982482732040808, 520, 407893,                                             407893, 9.666518211364746, 206.1251220703125
442, 1489.642114520073, 1, 11.551816809922457, 564, 408457,                                             408457, 8.300429344177246, 207.1444549560547
443, 1805.8435693383217, 1, 10.321429423987865, 479, 408936,                                             408936, 9.312797546386719, 205.21951293945312
444, 1745.3958178758621, 1, 11.755523559055291, 538, 409474,                                             409474, 10.39290714263916, 205.5570831298828
445, 1447.6539923846722, 1, 12.333344751037657, 570, 410044,                                             410044, 9.803264617919922, 204.96664428710938
446, 1485.8833978772163, 1, 10.952264658058994, 515, 410559,                                             410559, 7.778524875640869, 206.50518798828125
447, 2022.1688144803047, 1, 7.517168159014545, 342, 410901,                                             410901, 8.937342643737793, 204.95274353027344
448, 1585.6595385074615, 1, 8.947097389027476, 436, 411337,                                             411337, 8.412336349487305, 204.7506103515625
449, 1904.1447231173515, 1, 8.722678784048185, 420, 411757,                                             411757, 8.444944381713867, 204.2447509765625
450, 1286.742248982191, 1, 15.753018111921847, 750, 412507,                                             412507, 8.912694931030273, 204.29229736328125
451, 1422.618146970868, 1, 14.961902153911069, 705, 413212,                                             413212, 8.293902397155762, 204.75852966308594
452, 1713.2153429090977, 1, 10.14502611104399, 485, 413697,                                             413697, 8.375916481018066, 203.54043579101562
453, 1682.0807988643646, 1, 11.73203920898959, 552, 414249,                                             414249, 9.051251411437988, 205.4319305419922
454, 1790.9609853625298, 1, 10.549553537974134, 509, 414758,                                             414758, 8.000860214233398, 203.62896728515625
455, 1816.450644671917, 1, 8.322456378955394, 379, 415137,                                             415137, 8.268738746643066, 201.58621215820312
456, 1836.0330583155155, 1, 11.142810003017075, 530, 415667,                                             415667, 8.46837329864502, 204.82298278808594
457, 1595.126549243927, 1, 13.133403257001191, 632, 416299,                                             416299, 9.510035514831543, 202.79348754882812
458, 1565.3036606907845, 1, 12.73036346200388, 588, 416887,                                             416887, 9.13691520690918, 203.7718505859375
459, 1427.4179546535015, 1, 16.940425783977844, 789, 417676,                                             417676, 8.66754150390625, 203.67352294921875
460, 1661.613434433937, 1, 12.333910951972939, 560, 418236,                                             418236, 9.009612083435059, 202.54006958007812
461, 1432.9925965368748, 1, 13.21259640099015, 624, 418860,                                             418860, 8.463226318359375, 203.6158905029297
462, 1335.300297498703, 1, 14.134857248980552, 653, 419513,                                             419513, 9.685760498046875, 202.8426055908203
463, 1499.4712267518044, 1, 12.350875622942112, 582, 420095,                                             420095, 9.15049934387207, 203.56759643554688
464, 1606.743907213211, 1, 11.332401161082089, 506, 420601,                                             420601, 10.315465927124023, 204.68994140625
465, 1882.084304124117, 1, 7.550156601006165, 346, 420947,                                             420947, 9.086546897888184, 204.5904541015625
466, 2006.559526771307, 1, 8.320166088989936, 399, 421346,                                             421346, 9.826346397399902, 202.30474853515625
467, 1532.2033670544624, 1, 11.95149760809727, 546, 421892,                                             421892, 10.247849464416504, 201.09417724609375
468, 1936.9857315719128, 1, 7.916979350033216, 373, 422265,                                             422265, 8.60302734375, 202.43492126464844
469, 1844.9375205785036, 1, 9.939860193990171, 465, 422730,                                             422730, 8.696593284606934, 201.86399841308594
470, 1496.557307511568, 1, 13.13344868493732, 607, 423337,                                             423337, 8.347131729125977, 201.88169860839844
471, 1436.443937242031, 1, 11.605682965018786, 548, 423885,                                             423885, 10.404325485229492, 200.46644592285156
472, 1520.3812448978424, 1, 11.933383486000821, 548, 424433,                                             424433, 8.449505805969238, 198.5283660888672
473, 1470.1195746064186, 1, 12.156047011027113, 555, 424988,                                             424988, 9.73245620727539, 202.68572998046875
474, 1779.0654393136501, 1, 10.126357157016173, 465, 425453,                                             425453, 9.008111953735352, 201.4424591064453
475, 1903.5111458301544, 1, 8.947031366988085, 422, 425875,                                             425875, 10.156770706176758, 198.74632263183594
476, 1353.0335373580456, 1, 16.13961710804142, 775, 426650,                                             426650, 9.390606880187988, 200.81268310546875
477, 1730.1504062116146, 1, 10.7432238078909, 485, 427135,                                             427135, 9.70916748046875, 201.17205810546875
478, 2007.5379322469234, 1, 9.122041651047766, 414, 427549,                                             427549, 8.738189697265625, 200.43653869628906
479, 1545.044026017189, 1, 12.157756958040409, 566, 428115,                                             428115, 9.1441650390625, 199.5422821044922
480, 1730.6675164103508, 1, 8.519059011014178, 390, 428505,                                             428505, 9.90770435333252, 201.66455078125
481, 1512.3535256534815, 1, 11.97766164096538, 572, 429077,                                             429077, 9.655027389526367, 200.4517822265625
482, 1606.6024978160858, 1, 13.96068745397497, 669, 429746,                                             429746, 9.557815551757812, 198.0021209716797
483, 1182.169352531433, 1, 17.337549170013517, 799, 430545,                                             430545, 9.994803428649902, 200.89480590820312
484, 1881.1103878617287, 1, 8.947882948908955, 413, 430958,                                             430958, 8.635013580322266, 199.60324096679688
485, 1763.8942658603191, 1, 11.327897420036606, 529, 431487,                                             431487, 8.831151962280273, 200.74058532714844
486, 1882.4640613794327, 1, 7.940801679040305, 382, 431869,                                             431869, 9.235957145690918, 199.65097045898438
487, 1711.923655450344, 1, 11.931617083959281, 541, 432410,                                             432410, 9.479580879211426, 199.0513153076172
488, 1546.679487168789, 1, 10.951628780923784, 514, 432924,                                             432924, 8.215266227722168, 198.21009826660156
489, 2067.1045269966125, 1, 7.71866268501617, 354, 433278,                                             433278, 8.291460037231445, 198.4867401123047
490, 1751.8445386737585, 1, 11.5327710499987, 517, 433795,                                             433795, 10.266744613647461, 197.7892303466797
491, 1587.7185840010643, 1, 11.001247192034498, 533, 434328,                                             434328, 10.06947135925293, 199.78543090820312
492, 1524.206761419773, 1, 10.72668900305871, 497, 434825,                                             434825, 10.0784273147583, 197.6177978515625
493, 1754.8914166986942, 1, 10.752188088023104, 493, 435318,                                             435318, 10.149551391601562, 197.99465942382812
494, 1544.333732366562, 1, 11.530386369093321, 539, 435857,                                             435857, 8.042333602905273, 199.35105895996094
495, 1971.4616894125938, 1, 8.745027701952495, 423, 436280,                                             436280, 8.958416938781738, 199.4331817626953
496, 1765.5262053012848, 1, 9.321961053065024, 425, 436705,                                             436705, 9.444531440734863, 199.10943603515625
497, 2103.700391948223, 1, 7.749418877996504, 363, 437068,                                             437068, 9.584159851074219, 197.86561584472656
498, 1122.0983586907387, 1, 19.149243322899565, 892, 437960,                                             437960, 8.526806831359863, 198.1392059326172
499, 1703.9630425870419, 1, 11.745765257044695, 539, 438499,                                             438499, 8.415966987609863, 196.64175415039062
500, 1998.5727088153362, 1, 9.717926483950578, 451, 438950,                                             438950, 8.534185409545898, 195.3209991455078
501, 1593.3707930743694, 1, 11.090388124925084, 508, 439458,                                             439458, 11.041221618652344, 198.2769012451172
502, 2095.431259572506, 1, 7.923282271949574, 363, 439821,                                             439821, 10.308733940124512, 195.5794219970703
503, 1111.810509622097, 1, 17.364809738937765, 840, 440661,                                             440661, 9.647562026977539, 196.14149475097656
504, 1689.6848163306713, 1, 9.319846654077992, 412, 441073,                                             441073, 8.921924591064453, 196.02540588378906
505, 1474.9801462739706, 1, 13.155689868028276, 596, 441669,                                             441669, 8.410035133361816, 195.95542907714844
506, 1343.31644821167, 1, 14.131233734078705, 681, 442350,                                             442350, 9.509544372558594, 195.63223266601562
507, 1646.888654410839, 1, 10.15234428702388, 484, 442834,                                             442834, 9.285385131835938, 195.39385986328125
508, 1950.1377346217632, 1, 7.919839448994026, 356, 443190,                                             443190, 7.613739967346191, 195.43124389648438
509, 1661.4816779494286, 1, 13.153379739029333, 623, 443813,                                             443813, 8.499262809753418, 195.24105834960938
510, 1783.729819059372, 1, 8.923537209979258, 412, 444225,                                             444225, 9.979312896728516, 195.5025634765625
511, 1470.0980495363474, 1, 14.544374926015735, 673, 444898,                                             444898, 9.621073722839355, 195.1473846435547
512, 1395.6576467752457, 1, 14.129446325008757, 670, 445568,                                             445568, 9.918285369873047, 196.54527282714844
513, 1443.782220095396, 1, 16.560062374919653, 811, 446379,                                             446379, 9.319052696228027, 195.63636779785156
514, 1562.4214156866074, 1, 10.526813135948032, 489, 446868,                                             446868, 9.661863327026367, 195.0345458984375
515, 2073.192043453455, 1, 9.147637523012236, 430, 447298,                                             447298, 9.388922691345215, 194.0552978515625
516, 1649.2447496652603, 1, 13.934326213900931, 640, 447938,                                             447938, 8.692087173461914, 193.94973754882812
517, 1714.9611080884933, 1, 12.758763149031438, 595, 448533,                                             448533, 8.917770385742188, 194.35142517089844
518, 1550.8042060434818, 1, 11.756116840057075, 543, 449076,                                             449076, 9.126123428344727, 193.57855224609375
519, 1283.9411122947931, 1, 17.14186143898405, 788, 449864,                                             449864, 8.735746383666992, 192.9530487060547
520, 1484.9481212198734, 1, 13.544870721059851, 639, 450503,                                             450503, 9.539990425109863, 193.7626190185547
521, 1559.4792978167534, 1, 13.099162639002316, 604, 451107,                                             451107, 9.740938186645508, 193.804443359375
522, 1967.5559892058372, 1, 8.145366793032736, 367, 451474,                                             451474, 8.642143249511719, 194.5183868408203
523, 1600.6312504410744, 1, 12.327319878037088, 592, 452066,                                             452066, 9.062644004821777, 193.10704040527344
524, 1606.951215416193, 1, 10.151294070063159, 491, 452557,                                             452557, 9.25850772857666, 192.00111389160156
525, 1678.4951800107956, 1, 12.931469602044672, 606, 453163,                                             453163, 8.780153274536133, 192.6241455078125
526, 1533.0164364874363, 1, 13.935154155013151, 656, 453819,                                             453819, 8.013263702392578, 191.6168975830078
527, 1767.9497826099396, 1, 8.120763630024157, 372, 454191,                                             454191, 7.137547492980957, 194.00497436523438
528, 1629.574127972126, 1, 9.339786425000057, 444, 454635,                                             454635, 8.744304656982422, 193.7273712158203
529, 1944.0907826423645, 1, 8.722735096001998, 401, 455036,                                             455036, 8.684874534606934, 191.47360229492188
530, 1599.523553431034, 1, 14.959504597005434, 685, 455721,                                             455721, 9.023797035217285, 191.96327209472656
531, 1759.3500937223434, 1, 13.092103759059682, 609, 456330,                                             456330, 8.367608070373535, 191.7320556640625
532, 1489.5977445542812, 1, 15.964049042086117, 748, 457078,                                             457078, 9.234895706176758, 189.88735961914062
533, 1330.3182821571827, 1, 15.534640974947251, 717, 457795,                                             457795, 10.11180591583252, 192.39601135253906
534, 1833.5177265107632, 1, 9.148377386969514, 437, 458232,                                             458232, 9.156274795532227, 192.97354125976562
535, 1770.2922231256962, 1, 10.928103388985619, 513, 458745,                                             458745, 9.366557121276855, 191.6395263671875
536, 1669.711988568306, 1, 9.121318622957915, 424, 459169,                                             459169, 9.92164134979248, 192.0885467529297
537, 1633.2614461183548, 1, 9.124751847004518, 426, 459595,                                             459595, 9.418813705444336, 194.29542541503906
538, 1372.9520340263844, 1, 16.566660717013292, 784, 460379,                                             460379, 9.985877990722656, 190.31414794921875
539, 1443.735332608223, 1, 12.334818339091726, 561, 460940,                                             460940, 8.938948631286621, 190.85104370117188
540, 1733.8313971757889, 1, 9.54738779203035, 426, 461366,                                             461366, 8.941969871520996, 192.36729431152344
541, 1503.3031064271927, 1, 13.865830819006078, 649, 462015,                                             462015, 8.337692260742188, 192.26365661621094
542, 1330.2186415791512, 1, 16.33840988902375, 778, 462793,                                             462793, 9.451308250427246, 190.17738342285156
543, 1520.3945998847485, 1, 11.730688023963012, 526, 463319,                                             463319, 9.09739875793457, 191.61297607421875
544, 1926.6090339422226, 1, 8.725550909992307, 391, 463710,                                             463710, 8.854002952575684, 190.80560302734375
545, 1591.2852405905724, 1, 11.353135840035975, 526, 464236,                                             464236, 9.145105361938477, 189.6632537841797
546, 1997.8221328258514, 1, 7.117926750099286, 315, 464551,                                             464551, 9.527979850769043, 190.98851013183594
547, 1899.7804205417633, 1, 9.152498484007083, 415, 464966,                                             464966, 7.815054893493652, 190.48338317871094
548, 1538.5036163628101, 1, 10.727751887054183, 497, 465463,                                             465463, 9.662287712097168, 188.23422241210938
549, 1803.8884460628033, 1, 12.753726065973751, 588, 466051,                                             466051, 10.504501342773438, 187.5764617919922
550, 1430.379525512457, 1, 14.739966489025392, 676, 466727,                                             466727, 8.229874610900879, 188.54359436035156
551, 1599.2041444182396, 1, 11.698844560072757, 557, 467284,                                             467284, 9.791062355041504, 189.99851989746094
552, 1621.455480903387, 1, 11.723570405971259, 562, 467846,                                             467846, 8.505772590637207, 190.58509826660156
553, 2144.5887476205826, 1, 8.517915456090122, 382, 468228,                                             468228, 9.10858154296875, 190.05926513671875
554, 1088.4843720197678, 1, 18.761922233039513, 899, 469127,                                             469127, 9.435528755187988, 190.4706573486328
555, 1008.3665281534195, 1, 12.127870755968615, 560, 469687,                                             469687, 8.415068626403809, 187.8677215576172
556, 1565.7216195464134, 1, 10.321669328957796, 480, 470167,                                             470167, 9.75027084350586, 189.23350524902344
557, 1563.6296536922455, 1, 10.530396261019632, 487, 470654,                                             470654, 9.643097877502441, 190.46778869628906
558, 1547.8604744374752, 1, 13.958430725964718, 630, 471284,                                             471284, 7.96132755279541, 188.87783813476562
559, 1487.8879506886005, 1, 11.929263302008621, 564, 471848,                                             471848, 10.468070030212402, 188.52166748046875
560, 2065.884611427784, 1, 8.122706749010831, 374, 472222,                                             472222, 8.509622573852539, 188.43264770507812
561, 1831.2777254581451, 1, 11.699493491090834, 548, 472770,                                             472770, 9.422358512878418, 189.3423614501953
562, 1553.8585968911648, 1, 13.32992395607289, 641, 473411,                                             473411, 8.380066871643066, 189.82034301757812
563, 1502.9240282475948, 1, 11.94999535905663, 571, 473982,                                             473982, 10.11933708190918, 188.6817169189453
564, 1603.3488195240498, 1, 13.330002965056337, 611, 474593,                                             474593, 7.966978073120117, 189.69764709472656
565, 1747.0130142569542, 1, 10.32616640208289, 480, 475073,                                             475073, 9.192513465881348, 189.2928009033203
566, 1640.4031819105148, 1, 14.93425343092531, 672, 475745,                                             475745, 8.452127456665039, 189.03004455566406
567, 1693.7069717943668, 1, 8.321262186975218, 387, 476132,                                             476132, 8.936284065246582, 189.03829956054688
568, 1643.2810216844082, 1, 9.948881200980395, 480, 476612,                                             476612, 9.309167861938477, 187.4269256591797
569, 1307.1807599067688, 1, 15.73724302300252, 727, 477339,                                             477339, 8.461112022399902, 188.54367065429688
570, 1697.8854223489761, 1, 11.352321198908612, 531, 477870,                                             477870, 10.160390853881836, 189.30389404296875
571, 1787.741110444069, 1, 12.0378087379504, 557, 478427,                                             478427, 9.400310516357422, 187.54856872558594
572, 1690.608309045434, 1, 10.745348827913404, 497, 478924,                                             478924, 10.775463104248047, 188.775146484375
573, 1685.2191438674927, 1, 10.730108373914845, 486, 479410,                                             479410, 9.300756454467773, 187.6544647216797
574, 1955.4838069081306, 1, 7.745507869985886, 354, 479764,                                             479764, 8.66855525970459, 186.31332397460938
575, 2032.7641171962023, 1, 9.322485568001866, 420, 480184,                                             480184, 10.310022354125977, 186.85733032226562
576, 1624.8225271999836, 1, 10.350062998011708, 491, 480675,                                             480675, 8.45109748840332, 186.7750701904297
577, 1607.049646705389, 1, 12.729582351981662, 565, 481240,                                             481240, 8.871447563171387, 187.8820343017578
578, 1453.6666966378689, 1, 12.354157867026515, 581, 481821,                                             481821, 9.499131202697754, 188.0537109375
579, 1630.4445634186268, 1, 12.728254863992333, 579, 482400,                                             482400, 8.055628776550293, 189.35736083984375
580, 1698.5934530198574, 1, 11.93403655209113, 556, 482956,                                             482956, 9.973864555358887, 189.09698486328125
581, 1849.60047121346, 1, 9.65560551697854, 456, 483412,                                             483412, 10.280096054077148, 185.83961486816406
582, 2046.7122238874435, 1, 7.720384954009205, 342, 483754,                                             483754, 8.862970352172852, 188.73068237304688
583, 1754.5823442041874, 1, 9.343739446019754, 418, 484172,                                             484172, 9.010977745056152, 188.84840393066406
584, 2013.2028496861458, 1, 8.322732230997644, 379, 484551,                                             484551, 10.233566284179688, 187.26368713378906
585, 1429.155062109232, 1, 13.764676520950161, 644, 485195,                                             485195, 10.01819896697998, 187.1885986328125
586, 1570.0564553439617, 1, 12.53114016901236, 580, 485775,                                             485775, 9.037131309509277, 187.2156982421875
587, 1757.0941337049007, 1, 10.551868680049665, 487, 486262,                                             486262, 10.108954429626465, 186.3428955078125
588, 1621.3400220274925, 1, 13.332996273995377, 613, 486875,                                             486875, 8.416765213012695, 186.65162658691406
589, 1784.2112862318754, 1, 10.128239289973862, 462, 487337,                                             487337, 10.364852905273438, 187.29942321777344
590, 1761.0778320133686, 1, 10.725535906967707, 501, 487838,                                             487838, 9.642518043518066, 187.12664794921875
591, 1752.1879695951939, 1, 11.441645922022872, 531, 488369,                                             488369, 9.666441917419434, 187.23226928710938
592, 1175.2782300710678, 1, 18.139479938079603, 847, 489216,                                             489216, 9.756307601928711, 186.27757263183594
593, 1560.6640355587006, 1, 12.142424947000109, 570, 489786,                                             489786, 9.051904678344727, 185.964599609375
594, 1439.5811635255814, 1, 15.734277627896518, 721, 490507,                                             490507, 9.162283897399902, 186.49427795410156
595, 1706.8778113424778, 1, 9.142227066098712, 423, 490930,                                             490930, 9.684647560119629, 184.83482360839844
596, 1847.31629550457, 1, 12.733705174992792, 585, 491515,                                             491515, 9.974746704101562, 185.57183837890625
597, 1127.9503660798073, 1, 19.95268066402059, 916, 492431,                                             492431, 9.207559585571289, 185.22206115722656
598, 1946.7847627103329, 1, 10.146172353997827, 461, 492892,                                             492892, 9.098278999328613, 185.19644165039062
599, 1425.9664212167263, 1, 15.735151842003688, 722, 493614,                                             493614, 8.702691078186035, 185.50973510742188
600, 1323.325869947672, 1, 16.96986513095908, 777, 494391,                                             494391, 8.965883255004883, 185.37867736816406
601, 1736.2241055965424, 1, 11.982558446004987, 551, 494942,                                             494942, 10.237726211547852, 187.20896911621094
602, 1824.1171619296074, 1, 11.156779964105226, 524, 495466,                                             495466, 9.964850425720215, 187.0988311767578
603, 1777.3581977784634, 1, 12.326140210032463, 571, 496037,                                             496037, 9.085294723510742, 185.61883544921875
604, 1401.4952754974365, 1, 14.540551719954237, 679, 496716,                                             496716, 9.311161041259766, 185.0752410888672
605, 1396.4083713889122, 1, 14.35961518692784, 611, 497327,                                             497327, 9.295002937316895, 184.76905822753906
606, 1431.2395402491093, 1, 15.344713733997196, 688, 498015,                                             498015, 9.717649459838867, 185.61915588378906
607, 1158.5111155062914, 1, 16.56366437394172, 718, 498733,                                             498733, 8.925128936767578, 185.97665405273438
608, 2138.8185409903526, 1, 8.124858613009565, 360, 499093,                                             499093, 9.976119041442871, 185.34832763671875
609, 1471.6832473278046, 1, 11.524743088986725, 538, 499631,                                             499631, 9.698534965515137, 185.8698272705078
610, 1672.8983084857464, 1, 10.15213094104547, 472, 500103,                                             500103, 8.434163093566895, 184.42807006835938
611, 1685.1221887767315, 1, 13.174086472950876, 572, 500675,                                             500675, 10.812577247619629, 184.14080810546875
612, 1443.2638096809387, 1, 15.550680196029134, 719, 501394,                                             501394, 9.395015716552734, 184.94017028808594
613, 1534.7156577408314, 1, 17.743877209955826, 790, 502184,                                             502184, 9.785598754882812, 184.2686309814453
614, 1273.1818677186966, 1, 16.538536181906238, 756, 502940,                                             502940, 10.660419464111328, 184.1922607421875
615, 1198.548967629671, 1, 16.944496524054557, 787, 503727,                                             503727, 8.69228458404541, 183.64720153808594
616, 1293.1941247880459, 1, 20.1739922859706, 916, 504643,                                             504643, 9.870439529418945, 184.5032196044922
617, 1717.3879152536392, 1, 12.532470625010319, 571, 505214,                                             505214, 9.635542869567871, 183.6376190185547
618, 1564.286421507597, 1, 11.944649146986194, 540, 505754,                                             505754, 9.617997169494629, 183.41831970214844
619, 1642.2995169460773, 1, 13.728704964974895, 617, 506371,                                             506371, 9.149152755737305, 183.67776489257812
620, 1672.506669908762, 1, 11.352854967000894, 512, 506883,                                             506883, 10.070432662963867, 183.61102294921875
621, 1491.4370508790016, 1, 14.352103114011697, 639, 507522,                                             507522, 9.354371070861816, 183.00489807128906
622, 1456.3414887487888, 1, 14.345979993930086, 667, 508189,                                             508189, 8.738304138183594, 184.83868408203125
623, 1439.073661774397, 1, 17.142325490014628, 789, 508978,                                             508978, 9.879769325256348, 184.4148406982422
624, 1635.384573072195, 1, 11.931971163023263, 546, 509524,                                             509524, 10.392754554748535, 182.6995391845703
625, 2036.2810957282782, 1, 9.345090873073786, 439, 509963,                                             509963, 9.728995323181152, 183.95323181152344
626, 1378.8885360062122, 1, 18.3480107949581, 832, 510795,                                             510795, 9.379361152648926, 182.93295288085938
627, 1216.5516936331987, 1, 19.573233730974607, 883, 511678,                                             511678, 9.219084739685059, 182.58343505859375
628, 793.4137095212936, 1, 15.3324950709939, 693, 512371,                                             512371, 9.122872352600098, 184.5784149169922
629, 1895.8204346597195, 1, 9.956647475017235, 451, 512822,                                             512822, 11.171917915344238, 183.84085083007812
630, 1844.9296043515205, 1, 8.721840108046308, 385, 513207,                                             513207, 8.72143268585205, 182.8151397705078
631, 2140.9575833678246, 1, 7.950599294970743, 357, 513564,                                             513564, 10.76137638092041, 180.74362182617188
632, 1230.5890668779612, 1, 17.358516330015846, 806, 514370,                                             514370, 10.62948989868164, 182.0625457763672
633, 1525.1100127995014, 1, 12.13201190403197, 546, 514916,                                             514916, 9.53557014465332, 184.4157257080078
634, 1803.8430173397064, 1, 12.13231849099975, 558, 515474,                                             515474, 9.616132736206055, 181.880126953125
635, 1334.5748381018639, 1, 17.940209691994824, 813, 516287,                                             516287, 9.436537742614746, 183.0897674560547
636, 1433.3577943742275, 1, 14.75940790597815, 687, 516974,                                             516974, 8.74004077911377, 181.58792114257812
637, 1314.1800251603127, 1, 19.546989527065307, 896, 517870,                                             517870, 8.9080228805542, 180.41578674316406
638, 1481.102539986372, 1, 13.756763003999367, 639, 518509,                                             518509, 9.644074440002441, 182.1700897216797
639, 1955.4588631093502, 1, 7.919695148942992, 351, 518860,                                             518860, 8.891664505004883, 179.96136474609375
640, 1794.4190593659878, 1, 11.725427160039544, 529, 519389,                                             519389, 9.806716918945312, 180.83700561523438
641, 1387.8281010985374, 1, 15.790371857001446, 723, 520112,                                             520112, 9.362154960632324, 181.09091186523438
642, 1671.3915085792542, 1, 11.129286766983569, 509, 520621,                                             520621, 9.519925117492676, 182.88421630859375
643, 1766.5852072834969, 1, 11.152730657020584, 522, 521143,                                             521143, 8.295915603637695, 181.6479034423828
644, 1609.7334430217743, 1, 12.728133241995238, 581, 521724,                                             521724, 9.323562622070312, 180.16973876953125
645, 1587.2186113893986, 1, 11.35265586990863, 525, 522249,                                             522249, 9.355316162109375, 181.6710662841797
646, 1703.0956720113754, 1, 10.525448058033362, 463, 522712,                                             522712, 9.559074401855469, 182.7653045654297
647, 1518.1037645936012, 1, 10.327827193075791, 462, 523174,                                             523174, 9.951769828796387, 180.51400756835938
648, 1663.2966091036797, 1, 11.726750828907825, 539, 523713,                                             523713, 9.754246711730957, 181.0000762939453
649, 1893.1940060555935, 1, 9.54796796105802, 441, 524154,                                             524154, 9.46621322631836, 181.65548706054688
650, 1834.4336696863174, 1, 11.126453036093153, 509, 524663,                                             524663, 9.456031799316406, 181.3029327392578
651, 1839.060812085867, 1, 10.35648649907671, 475, 525138,                                             525138, 9.775202751159668, 179.273681640625
652, 1662.8394043892622, 1, 12.127710727974772, 553, 525691,                                             525691, 9.986733436584473, 179.2154998779297
653, 1750.2412089705467, 1, 10.951797520974651, 493, 526184,                                             526184, 10.70881462097168, 179.10853576660156
654, 1616.7138320207596, 1, 9.349553811945952, 432, 526616,                                             526616, 8.844078063964844, 181.4743194580078
655, 2073.6398316025734, 1, 8.32090309401974, 347, 526963,                                             526963, 10.414815902709961, 180.73948669433594
656, 1257.4989811778069, 1, 17.945212701917626, 822, 527785,                                             527785, 10.537726402282715, 181.2318878173828
657, 1419.1423798203468, 1, 16.163560803048313, 747, 528532,                                             528532, 8.410552024841309, 180.25286865234375
658, 1568.9078998863697, 1, 14.140898869954981, 616, 529148,                                             529148, 9.256648063659668, 179.3537139892578
659, 1667.5351991206408, 1, 14.755827476968989, 666, 529814,                                             529814, 7.59932804107666, 180.30308532714844
660, 1839.0953873097897, 1, 9.324986706953496, 423, 530237,                                             530237, 7.252757549285889, 179.23956298828125
661, 1887.4912611842155, 1, 7.909860854037106, 349, 530586,                                             530586, 8.600290298461914, 177.5439453125
662, 1510.2844544947147, 1, 13.958936970913783, 640, 531226,                                             531226, 9.117226600646973, 177.59739685058594
663, 1559.6163065731525, 1, 13.730627444921993, 618, 531844,                                             531844, 8.546770095825195, 178.28651428222656
664, 1324.5368667244911, 1, 12.550137661048211, 586, 532430,                                             532430, 8.660761833190918, 179.06610107421875
665, 1884.5444882810116, 1, 10.92266221693717, 496, 532926,                                             532926, 10.051033020019531, 179.14988708496094
666, 1723.5056334137917, 1, 8.738024626974948, 405, 533331,                                             533331, 9.639389991760254, 178.10037231445312
667, 1562.6884761154652, 1, 11.147762582055293, 517, 533848,                                             533848, 9.889863014221191, 178.5156707763672
668, 1356.7439374178648, 1, 15.737435614108108, 696, 534544,                                             534544, 9.155810356140137, 178.83181762695312
669, 1410.569372996688, 1, 14.751040369039401, 676, 535220,                                             535220, 9.646905899047852, 179.9569549560547
670, 1401.4474229216576, 1, 15.331038778065704, 705, 535925,                                             535925, 8.520827293395996, 179.37330627441406
671, 1484.1844574809074, 1, 14.141301105963066, 644, 536569,                                             536569, 9.552082061767578, 177.9567108154297
672, 1322.8387862741947, 1, 16.74377934401855, 742, 537311,                                             537311, 8.7719144821167, 178.89947509765625
673, 1568.4855069220066, 1, 10.753361349925399, 495, 537806,                                             537806, 8.604217529296875, 177.576904296875
674, 1995.6615273952484, 1, 9.119687321013771, 409, 538215,                                             538215, 8.79887866973877, 178.9049072265625
675, 1145.8426195979118, 1, 16.966614058008417, 784, 538999,                                             538999, 9.145432472229004, 178.83267211914062
676, 1584.5533325970173, 1, 11.322559884050861, 520, 539519,                                             539519, 9.268975257873535, 178.61819458007812
677, 1619.0000145286322, 1, 13.157288178917952, 595, 540114,                                             540114, 9.592520713806152, 178.08546447753906
678, 1689.5772874057293, 1, 10.523237237008289, 477, 540591,                                             540591, 8.567174911499023, 177.25306701660156
679, 1589.1234453320503, 1, 13.333954156958498, 607, 541198,                                             541198, 8.36111831665039, 178.32957458496094
680, 1449.6423331201077, 1, 10.748033895972185, 493, 541691,                                             541691, 7.891836166381836, 178.87759399414062
681, 2156.57117664814, 1, 7.502434847061522, 337, 542028,                                             542028, 10.216638565063477, 176.82534790039062
682, 1637.9356309473515, 1, 11.129169157939032, 484, 542512,                                             542512, 8.426323890686035, 176.00357055664062
683, 1664.1458437144756, 1, 11.329798726015724, 507, 543019,                                             543019, 8.817770004272461, 175.25059509277344
684, 1892.3917364776134, 1, 7.943798174033873, 365, 543384,                                             543384, 9.394379615783691, 176.25827026367188
685, 1523.7977602481842, 1, 9.525701561011374, 428, 543812,                                             543812, 9.958489418029785, 177.77011108398438
686, 1566.5528323054314, 1, 11.350260538049042, 516, 544328,                                             544328, 10.16566276550293, 177.7157440185547
687, 1569.8158788979053, 1, 12.931262696976773, 559, 544887,                                             544887, 8.4047212600708, 178.1724853515625
688, 1621.047889918089, 1, 12.332030102028511, 548, 545435,                                             545435, 9.272686004638672, 177.70846557617188
689, 1986.965948909521, 1, 7.140859401086345, 313, 545748,                                             545748, 9.224123001098633, 178.16378784179688
690, 1496.4760332405567, 1, 12.326700031990185, 559, 546307,                                             546307, 9.775734901428223, 177.75091552734375
691, 1775.7162443697453, 1, 11.702907386003062, 544, 546851,                                             546851, 10.582828521728516, 176.90081787109375
692, 1477.4799331724644, 1, 17.340926214004867, 793, 547644,                                             547644, 8.21646785736084, 178.2575225830078
693, 1635.6994048953056, 1, 12.355377813917585, 554, 548198,                                             548198, 9.288010597229004, 177.180419921875
694, 1788.0105701982975, 1, 10.732446299050935, 491, 548689,                                             548689, 10.993463516235352, 178.30661010742188
695, 1790.4034898877144, 1, 8.749860628973693, 402, 549091,                                             549091, 9.320484161376953, 175.75233459472656
696, 1776.6186024844646, 1, 8.721419991925359, 386, 549477,                                             549477, 8.675204277038574, 177.34207153320312
697, 1569.887370288372, 1, 10.529711808892898, 478, 549955,                                             549955, 11.25393009185791, 177.48703002929688
698, 1579.9324226081371, 1, 10.12725300702732, 437, 550392,                                             550392, 8.537564277648926, 175.7090301513672
699, 1941.1465893387794, 1, 9.32770482590422, 405, 550797,                                             550797, 10.138761520385742, 177.30116271972656
700, 1485.2766901701689, 1, 13.553897451958619, 620, 551417,                                             551417, 9.069422721862793, 176.18247985839844
701, 1548.8812397420406, 1, 13.563463028986007, 616, 552033,                                             552033, 9.514463424682617, 176.89584350585938
702, 1664.8030064702034, 1, 12.151446821982972, 560, 552593,                                             552593, 9.816242218017578, 177.04798889160156
703, 1922.5240577459335, 1, 10.327594951028004, 462, 553055,                                             553055, 8.441695213317871, 175.87631225585938
704, 1847.6360977888107, 1, 12.55739246495068, 569, 553624,                                             553624, 9.543264389038086, 176.2272491455078
705, 1456.1381170004606, 1, 15.739129777997732, 705, 554329,                                             554329, 9.10883617401123, 176.2581787109375
706, 1467.9891638159752, 1, 12.355639396933839, 568, 554897,                                             554897, 9.487984657287598, 176.33360290527344
707, 1400.5487284958363, 1, 13.132173544028774, 579, 555476,                                             555476, 9.315579414367676, 177.2874755859375
708, 1980.5896959006786, 1, 7.922148235025816, 349, 555825,                                             555825, 9.292328834533691, 174.09552001953125
709, 1678.5143381655216, 1, 11.146177600952797, 502, 556327,                                             556327, 8.474970817565918, 175.10458374023438
710, 1989.169742822647, 1, 8.521938799065538, 373, 556700,                                             556700, 10.377240180969238, 176.85789489746094
711, 1599.7491921782494, 1, 11.4830720910104, 524, 557224,                                             557224, 9.65435791015625, 176.1907196044922
712, 1804.2157618701458, 1, 11.926472162012942, 539, 557763,                                             557763, 9.88843822479248, 176.6014404296875
713, 1870.889918461442, 1, 9.151456700987183, 407, 558170,                                             558170, 9.7083101272583, 176.6847686767578
714, 1856.7874987721443, 1, 10.12252490897663, 453, 558623,                                             558623, 10.588092803955078, 175.33473205566406
715, 1846.1051724255085, 1, 8.72278578497935, 385, 559008,                                             559008, 9.230256080627441, 177.19142150878906
716, 1710.363361775875, 1, 9.75061138602905, 435, 559443,                                             559443, 9.976963996887207, 176.19149780273438
717, 1832.4840945899487, 1, 8.724320317036472, 377, 559820,                                             559820, 8.950360298156738, 177.49618530273438
718, 1800.3812614679337, 1, 8.346743652014993, 383, 560203,                                             560203, 8.171051025390625, 175.74075317382812
719, 1864.9316279292107, 1, 8.724734821007587, 382, 560585,                                             560585, 9.753730773925781, 175.3771514892578
720, 2057.3839136362076, 1, 8.147785100969486, 367, 560952,                                             560952, 11.5679349899292, 174.7882843017578
721, 1604.670527368784, 1, 11.816875256947242, 526, 561478,                                             561478, 8.73355484008789, 175.4617462158203
722, 1765.7982886433601, 1, 9.724290129030123, 437, 561915,                                             561915, 9.907285690307617, 175.8646697998047
723, 1773.1302566230297, 1, 11.950714449048974, 545, 562460,                                             562460, 9.728759765625, 176.3280487060547
724, 1496.4258449971676, 1, 11.945971227018163, 545, 563005,                                             563005, 10.8673734664917, 175.84671020507812
725, 1413.6052622497082, 1, 12.93019404495135, 582, 563587,                                             563587, 10.03630256652832, 174.54234313964844
726, 1530.7690441906452, 1, 15.35721477190964, 703, 564290,                                             564290, 8.479470252990723, 175.2195587158203
727, 1380.2952494621277, 1, 15.53820929408539, 693, 564983,                                             564983, 8.732961654663086, 177.12998962402344
728, 1659.5577419400215, 1, 11.749056405038573, 534, 565517,                                             565517, 8.219866752624512, 175.0786590576172
729, 1617.5125247240067, 1, 13.533499361015856, 603, 566120,                                             566120, 9.905290603637695, 175.94561767578125
730, 1870.7246941626072, 1, 7.723411918035708, 345, 566465,                                             566465, 8.431241035461426, 177.31459045410156
731, 1766.6274073421955, 1, 11.051810058997944, 504, 566969,                                             566969, 8.314881324768066, 176.28616333007812
732, 1303.1834811866283, 1, 17.941044409992173, 796, 567765,                                             567765, 9.671846389770508, 176.05340576171875
733, 1608.1056227385998, 1, 13.535247098072432, 595, 568360,                                             568360, 9.311285018920898, 175.4344482421875
734, 1791.076209962368, 1, 11.152020392939448, 505, 568865,                                             568865, 8.892345428466797, 174.61947631835938
735, 1533.6131110787392, 1, 10.931563721038401, 492, 569357,                                             569357, 8.566726684570312, 176.31153869628906
736, 1870.0428829193115, 1, 8.132693619001657, 357, 569714,                                             569714, 8.856925010681152, 174.95602416992188
737, 1876.146578669548, 1, 10.124321829061955, 451, 570165,                                             570165, 9.170044898986816, 176.03668212890625
738, 1698.3785083442926, 1, 11.15557590406388, 495, 570660,                                             570660, 8.96633529663086, 175.64810180664062
739, 1698.289136648178, 1, 8.719963068026118, 390, 571050,                                             571050, 9.709858894348145, 174.8411865234375
740, 1494.0892534255981, 1, 10.953184852958657, 501, 571551,                                             571551, 8.386648178100586, 176.47848510742188
741, 1474.5197978764772, 1, 15.409471211023629, 683, 572234,                                             572234, 9.138443946838379, 175.3773193359375
742, 1585.0913770794868, 1, 11.930860253982246, 528, 572762,                                             572762, 9.10535717010498, 176.69268798828125
743, 1919.1644150614738, 1, 8.921920735039748, 400, 573162,                                             573162, 10.497797966003418, 175.68528747558594
744, 1687.4290667176247, 1, 10.147720632026903, 455, 573617,                                             573617, 10.62583065032959, 175.7218017578125
745, 2107.4696026444435, 1, 7.3205196800408885, 311, 573928,                                             573928, 8.840006828308105, 174.01388549804688
746, 1660.6608111560345, 1, 11.53487980097998, 509, 574437,                                             574437, 10.256247520446777, 175.60650634765625
747, 1838.50036662817, 1, 11.355375226936303, 503, 574940,                                             574940, 8.426389694213867, 174.55397033691406
748, 1774.8629457950592, 1, 10.526959810056724, 470, 575410,                                             575410, 9.162665367126465, 176.427490234375
749, 1910.6353469192982, 1, 9.146929395967163, 413, 575823,                                             575823, 8.278786659240723, 174.6092071533203
750, 1774.4280945062637, 1, 10.527946623973548, 465, 576288,                                             576288, 9.088177680969238, 175.900146484375
751, 1780.335665985942, 1, 11.036628427100368, 497, 576785,                                             576785, 7.797030925750732, 175.94093322753906
752, 1529.2243139743805, 1, 11.927306770929135, 525, 577310,                                             577310, 9.737446784973145, 175.34454345703125
753, 2058.4057667702436, 1, 8.337968014064245, 372, 577682,                                             577682, 10.96688461303711, 174.24945068359375
754, 1438.3815068006516, 1, 11.729667527019046, 519, 578201,                                             578201, 9.82132339477539, 176.14573669433594
755, 1617.0369531214237, 1, 12.13176947098691, 518, 578719,                                             578719, 9.37062931060791, 174.7938690185547
756, 1248.5847474634647, 1, 17.97073865798302, 804, 579523,                                             579523, 9.559576988220215, 174.80833435058594
757, 1741.3570316433907, 1, 10.523700058925897, 467, 579990,                                             579990, 8.329252243041992, 174.71176147460938
758, 1345.124044135213, 1, 14.351930906996131, 638, 580628,                                             580628, 9.15089225769043, 175.48728942871094
759, 1732.2805844545364, 1, 12.325392629019916, 532, 581160,                                             581160, 9.974747657775879, 176.77699279785156
760, 1567.7092181742191, 1, 10.330114601063542, 453, 581613,                                             581613, 8.627107620239258, 174.1515350341797
761, 1570.9247768223286, 1, 13.597898151958361, 597, 582210,                                             582210, 8.509337425231934, 175.82293701171875
762, 1373.3606941401958, 1, 14.955587559030391, 671, 582881,                                             582881, 10.043928146362305, 174.6331329345703
763, 1289.5795886069536, 1, 15.537989701027982, 674, 583555,                                             583555, 9.610672950744629, 175.62210083007812
764, 1815.6371210813522, 1, 10.751202040934004, 478, 584033,                                             584033, 9.25805377960205, 175.74954223632812
765, 1889.5589833706617, 1, 10.325944128097035, 457, 584490,                                             584490, 10.715785026550293, 173.593505859375
766, 1761.1072180271149, 1, 12.756760898977518, 575, 585065,                                             585065, 8.653656959533691, 176.8604736328125
767, 1654.3407809138298, 1, 13.333200176944956, 586, 585651,                                             585651, 9.422769546508789, 173.952880859375
768, 1600.7797728776932, 1, 10.730898751062341, 463, 586114,                                             586114, 9.201558113098145, 176.99684143066406
769, 1499.8413398563862, 1, 13.75691195204854, 612, 586726,                                             586726, 9.214442253112793, 174.7002716064453
770, 1444.2325812876225, 1, 17.74093383201398, 790, 587516,                                             587516, 10.80678939819336, 177.4398193359375
771, 1430.372058659792, 1, 14.023779499926604, 613, 588129,                                             588129, 8.347624778747559, 174.8037872314453
772, 1696.1619917154312, 1, 11.127318131038919, 481, 588610,                                             588610, 10.258225440979004, 174.59713745117188
773, 1529.6900876760483, 1, 11.760937624960206, 516, 589126,                                             589126, 9.214823722839355, 174.84437561035156
774, 1448.107854694128, 1, 15.541595209972002, 681, 589807,                                             589807, 9.23914623260498, 174.05157470703125
775, 1362.7055869698524, 1, 14.132931601023301, 631, 590438,                                             590438, 9.567581176757812, 175.37210083007812
776, 1890.8133720457554, 1, 8.725931785069406, 385, 590823,                                             590823, 8.492398262023926, 174.11947631835938
777, 1777.5803779512644, 1, 10.931113975006156, 483, 591306,                                             591306, 9.925264358520508, 174.9650115966797
778, 1559.7329232394695, 1, 11.95117047894746, 529, 591835,                                             591835, 10.990222930908203, 173.67991638183594
779, 1764.0864741504192, 1, 11.929641522932798, 526, 592361,                                             592361, 9.700150489807129, 174.83250427246094
780, 1269.137534379959, 1, 16.756611285964027, 757, 593118,                                             593118, 8.670455932617188, 175.84988403320312
781, 1604.0556173324585, 1, 11.94894595304504, 519, 593637,                                             593637, 9.395095825195312, 175.32186889648438
782, 1747.0526191294193, 1, 12.55792825797107, 552, 594189,                                             594189, 9.063375473022461, 173.22760009765625
783, 1512.9073553681374, 1, 15.136207417002879, 662, 594851,                                             594851, 10.10766887664795, 174.34634399414062
784, 1424.9927242696285, 1, 16.74146643502172, 732, 595583,                                             595583, 9.611047744750977, 175.5476531982422
785, 1626.7618688046932, 1, 11.958904528990388, 522, 596105,                                             596105, 10.360799789428711, 174.37423706054688
786, 1574.862743705511, 1, 12.732641082024202, 558, 596663,                                             596663, 9.679503440856934, 175.7742919921875
787, 1536.8296884298325, 1, 12.159682785044424, 544, 597207,                                             597207, 8.863862991333008, 174.839111328125
788, 1926.5817790031433, 1, 9.123156732995994, 400, 597607,                                             597607, 10.139549255371094, 175.62860107421875
789, 1288.1554119884968, 1, 16.165807723999023, 714, 598321,                                             598321, 9.449301719665527, 175.83035278320312
790, 2055.4341032505035, 1, 8.12322927301284, 350, 598671,                                             598671, 9.484270095825195, 174.2647705078125
791, 1463.8128751516342, 1, 13.157274483004585, 576, 599247,                                             599247, 9.227962493896484, 173.58450317382812
792, 1918.087596744299, 1, 7.939678817987442, 356, 599603,                                             599603, 10.487771987915039, 176.30894470214844
793, 1459.6414297670126, 1, 15.73571985005401, 700, 600303,                                             600303, 10.50790023803711, 174.6056365966797
794, 1478.5474141836166, 1, 14.95499101607129, 676, 600979,                                             600979, 8.664002418518066, 176.30209350585938
795, 1290.0064761936665, 1, 18.54499417799525, 838, 601817,                                             601817, 9.87098217010498, 174.63597106933594
796, 1252.0643148720264, 1, 18.17122403299436, 802, 602619,                                             602619, 9.128456115722656, 174.85008239746094
797, 1572.0000947713852, 1, 13.933596238028258, 604, 603223,                                             603223, 8.884523391723633, 175.13429260253906
798, 1593.3149253726006, 1, 11.15371694904752, 499, 603722,                                             603722, 10.792183876037598, 175.68319702148438
799, 2093.7012136876583, 1, 7.318026093998924, 320, 604042,                                             604042, 9.506684303283691, 175.90097045898438
800, 1773.399286299944, 1, 10.326262622023933, 462, 604504,                                             604504, 10.505058288574219, 175.39959716796875
801, 1823.934928059578, 1, 8.58017202198971, 377, 604881,                                             604881, 11.259798049926758, 174.3275909423828
802, 1545.4847214370966, 1, 13.150554843014106, 592, 605473,                                             605473, 9.700931549072266, 175.5796356201172
803, 1312.9071044623852, 1, 15.737742007011548, 703, 606176,                                             606176, 9.851875305175781, 175.40084838867188
804, 1941.256972014904, 1, 7.536648832028732, 323, 606499,                                             606499, 9.739189147949219, 174.28518676757812
805, 1605.216379672289, 1, 15.33423218189273, 672, 607171,                                             607171, 8.649332046508789, 174.13609313964844
806, 1050.7540931105614, 1, 17.77128998201806, 796, 607967,                                             607967, 10.460943222045898, 174.38841247558594
807, 1596.8157745599747, 1, 11.929199439007789, 528, 608495,                                             608495, 8.569493293762207, 174.3971405029297
808, 1587.3700241744518, 1, 13.350084695965052, 602, 609097,                                             609097, 10.29300308227539, 176.6167449951172
809, 1493.9212113320827, 1, 13.132162012974732, 570, 609667,                                             609667, 9.525623321533203, 174.2811737060547
810, 1768.055328398943, 1, 9.345036825048737, 414, 610081,                                             610081, 10.798517227172852, 174.57057189941406
811, 2139.2233131229877, 1, 7.705551521969028, 325, 610406,                                             610406, 10.594060897827148, 174.30223083496094
812, 1350.3887528777122, 1, 19.15093420795165, 843, 611249,                                             611249, 9.993265151977539, 175.15208435058594
813, 1472.5854457616806, 1, 15.536515281070024, 677, 611926,                                             611926, 9.540586471557617, 175.07298278808594
814, 1073.7553968727589, 1, 20.565827377024107, 910, 612836,                                             612836, 9.483255386352539, 174.49755859375
815, 1515.7709937691689, 1, 13.134802887914702, 581, 613417,                                             613417, 8.618993759155273, 175.37857055664062
816, 1643.5438661277294, 1, 10.726743665989488, 468, 613885,                                             613885, 9.264586448669434, 174.9080810546875
817, 1448.805474102497, 1, 13.160489447996952, 584, 614469,                                             614469, 10.108238220214844, 174.4714813232422
818, 1266.2529609799385, 1, 15.540097879013047, 684, 615153,                                             615153, 9.654889106750488, 174.51873779296875
819, 1287.4586734175682, 1, 17.342515997006558, 763, 615916,                                             615916, 9.392619132995605, 174.58352661132812
820, 1317.1515701711178, 1, 16.3666334109148, 713, 616629,                                             616629, 10.043204307556152, 174.42385864257812
821, 1466.1832466423512, 1, 11.684360061888583, 509, 617138,                                             617138, 9.958280563354492, 173.65313720703125
822, 2026.4103741943836, 1, 8.721921502961777, 363, 617501,                                             617501, 9.894184112548828, 175.20118713378906
823, 1776.7009085416794, 1, 9.345103126950562, 405, 617906,                                             617906, 10.1546630859375, 175.0803680419922
824, 1816.201023876667, 1, 12.932660800986923, 567, 618473,                                             618473, 9.216032028198242, 173.17202758789062
825, 1464.6745989620686, 1, 14.7565122009255, 660, 619133,                                             619133, 10.33686351776123, 174.02000427246094
826, 1778.8779073953629, 1, 9.523854778031819, 405, 619538,                                             619538, 10.056134223937988, 176.50294494628906
827, 1840.899026542902, 1, 9.748543450958095, 430, 619968,                                             619968, 9.424013137817383, 174.38365173339844
828, 1456.307053387165, 1, 14.934513883083127, 666, 620634,                                             620634, 9.859119415283203, 173.89149475097656
829, 1290.570317208767, 1, 17.745429081027396, 770, 621404,                                             621404, 9.37004280090332, 175.32611083984375
830, 1799.112041771412, 1, 10.75304529897403, 473, 621877,                                             621877, 9.176565170288086, 175.93722534179688
831, 1691.6863367259502, 1, 13.651343462988734, 595, 622472,                                             622472, 9.6519775390625, 173.23287963867188
832, 1326.6238402724266, 1, 14.34150291304104, 627, 623099,                                             623099, 9.65937328338623, 173.25390625
833, 1133.899015456438, 1, 19.974198529031128, 883, 623982,                                             623982, 9.242321968078613, 175.15521240234375
834, 1459.6182416379452, 1, 15.931959819979966, 693, 624675,                                             624675, 9.731358528137207, 173.8487548828125
835, 1279.1464607715607, 1, 13.134350573993288, 578, 625253,                                             625253, 9.389662742614746, 173.8191680908203
836, 1571.5585665106773, 1, 13.137042422080413, 580, 625833,                                             625833, 8.53095531463623, 175.3960418701172
837, 1369.11745262146, 1, 13.15725090901833, 575, 626408,                                             626408, 9.798592567443848, 172.67955017089844
838, 1277.4487193226814, 1, 15.539633446955122, 685, 627093,                                             627093, 9.686944007873535, 172.3747100830078
839, 1741.5834379792213, 1, 11.558348890044726, 513, 627606,                                             627606, 9.18509292602539, 173.89190673828125
840, 1548.6093284487724, 1, 14.134080009069294, 615, 628221,                                             628221, 10.71455192565918, 174.9453125
841, 1202.1773582100868, 1, 11.69556255498901, 529, 628750,                                             628750, 8.647591590881348, 174.8031768798828
842, 1813.575114250183, 1, 11.73123209096957, 508, 629258,                                             629258, 10.854268074035645, 174.7704315185547
843, 1070.9489205479622, 1, 15.16404494305607, 669, 629927,                                             629927, 11.237351417541504, 172.90274047851562
844, 2148.748240441084, 1, 7.522299928939901, 322, 630249,                                             630249, 10.25279426574707, 172.00233459472656
845, 1479.300978243351, 1, 15.7657192859333, 700, 630949,                                             630949, 9.17530632019043, 173.45077514648438
846, 1266.5166056752205, 1, 17.34215400996618, 762, 631711,                                             631711, 10.177623748779297, 172.70188903808594
847, 1590.552922308445, 1, 11.139594929059967, 494, 632205,                                             632205, 7.728548526763916, 173.62481689453125
848, 2040.9184228479862, 1, 8.31825921300333, 362, 632567,                                             632567, 9.389281272888184, 173.0948944091797
849, 1013.3861351758242, 1, 20.373744864948094, 895, 633462,                                             633462, 10.186715126037598, 173.73324584960938
850, 1274.5202561616898, 1, 15.13461841607932, 645, 634107,                                             634107, 10.455254554748535, 173.48744201660156
851, 1734.1234566271305, 1, 10.271075208089314, 444, 634551,                                             634551, 9.755179405212402, 172.53152465820312
852, 1641.9976727366447, 1, 11.327137134969234, 498, 635049,                                             635049, 9.646539688110352, 175.1208953857422
853, 1641.1333535909653, 1, 12.732074795057997, 583, 635632,                                             635632, 9.775205612182617, 173.1954345703125
854, 1753.1987124681473, 1, 12.36878496198915, 559, 636191,                                             636191, 8.07667350769043, 174.45541381835938
855, 1609.5998577028513, 1, 11.529852521023713, 520, 636711,                                             636711, 10.783565521240234, 173.77728271484375
856, 1996.8241769075394, 1, 8.545724731986411, 369, 637080,                                             637080, 9.758049964904785, 173.7739715576172
857, 748.766385436058, 1, 23.563683888991363, 1061, 638141,                                             638141, 9.270224571228027, 172.73036193847656
858, 1556.5692391991615, 1, 12.557426629937254, 554, 638695,                                             638695, 10.247539520263672, 174.02186584472656
859, 1783.5119977593422, 1, 9.521025268011726, 413, 639108,                                             639108, 9.728137016296387, 175.4425506591797
860, 2054.352997779846, 1, 8.133941162959673, 364, 639472,                                             639472, 9.917437553405762, 174.3261260986328
861, 1777.7185320705175, 1, 12.237508470076136, 531, 640003,                                             640003, 10.3186674118042, 173.78634643554688
862, 1939.2226648330688, 1, 10.728488042019308, 471, 640474,                                             640474, 9.918347358703613, 173.7376251220703
863, 1426.9998153448105, 1, 12.153128209989518, 544, 641018,                                             641018, 10.402828216552734, 173.23089599609375
864, 1545.251324057579, 1, 11.12922556803096, 493, 641511,                                             641511, 8.202261924743652, 172.77003479003906
865, 1491.9197857677937, 1, 13.355890500009991, 612, 642123,                                             642123, 9.431846618652344, 175.00709533691406
866, 1275.0390799343586, 1, 12.935867110965773, 572, 642695,                                             642695, 9.45709228515625, 172.64300537109375
867, 2102.066840618849, 1, 8.115628375089727, 348, 643043,                                             643043, 8.92271900177002, 172.08804321289062
868, 1430.8958806842566, 1, 15.942660513101146, 676, 643719,                                             643719, 9.363496780395508, 173.98365783691406
869, 1067.9551532268524, 1, 15.559691005968489, 667, 644386,                                             644386, 10.14553165435791, 173.397216796875
870, 1923.6764013171196, 1, 10.924254221026786, 468, 644854,                                             644854, 9.884419441223145, 174.1980438232422
871, 1552.4345275759697, 1, 14.249733546050265, 627, 645481,                                             645481, 9.041064262390137, 173.29554748535156
872, 1629.2582606971264, 1, 13.932856676983647, 599, 646080,                                             646080, 8.518461227416992, 173.50961303710938
873, 1155.1118492782116, 1, 19.1712339540245, 821, 646901,                                             646901, 10.202141761779785, 173.29185485839844
874, 1619.8100669682026, 1, 12.934402470011264, 546, 647447,                                             647447, 10.49511432647705, 173.22744750976562
875, 1780.4929621517658, 1, 9.551072821952403, 409, 647856,                                             647856, 12.119010925292969, 172.4559326171875
876, 1961.1474817693233, 1, 9.321999646956101, 387, 648243,                                             648243, 10.69680404663086, 173.6249542236328
877, 1257.088940680027, 1, 14.938692896976136, 631, 648874,                                             648874, 9.740351676940918, 173.50204467773438
878, 1677.9975364804268, 1, 10.949198700021952, 477, 649351,                                             649351, 8.376973152160645, 172.57078552246094
879, 1794.9669621437788, 1, 10.726506254053675, 451, 649802,                                             649802, 9.339555740356445, 172.1487274169922
880, 986.3665064871311, 1, 19.16611881100107, 821, 650623,                                             650623, 9.409631729125977, 173.4858856201172
881, 1664.6231407523155, 1, 13.221545250038616, 556, 651179,                                             651179, 8.358409881591797, 173.4227752685547
882, 1362.6892329901457, 1, 18.563520845025778, 789, 651968,                                             651968, 8.908371925354004, 174.18917846679688
883, 1185.8584329783916, 1, 19.953602290013805, 848, 652816,                                             652816, 8.343374252319336, 173.97621154785156
884, 1299.225602567196, 1, 14.351156026939861, 627, 653443,                                             653443, 8.561843872070312, 173.32521057128906
885, 2009.1321285068989, 1, 7.720976619049907, 317, 653760,                                             653760, 9.307971000671387, 174.18409729003906
886, 1517.9161014556885, 1, 15.762047989061102, 681, 654441,                                             654441, 10.97765064239502, 174.845947265625
887, 1797.795228034258, 1, 10.529156347038224, 445, 654886,                                             654886, 9.655499458312988, 172.1248016357422
888, 1808.7387348413467, 1, 10.327894943067804, 445, 655331,                                             655331, 9.59920597076416, 172.56190490722656
889, 1656.7033499777317, 1, 12.133247848018073, 512, 655843,                                             655843, 9.736241340637207, 175.41070556640625
890, 1579.614208996296, 1, 12.749380119959824, 556, 656399,                                             656399, 10.11061954498291, 173.52069091796875
891, 1499.8939990103245, 1, 13.033014527987689, 574, 656973,                                             656973, 9.5152587890625, 173.78489685058594
892, 1701.945630133152, 1, 11.958381745032966, 530, 657503,                                             657503, 8.025946617126465, 175.49346923828125
893, 1129.6460199058056, 1, 18.344150284072384, 813, 658316,                                             658316, 10.660433769226074, 172.87139892578125
894, 1691.8641590178013, 1, 9.94380663195625, 447, 658763,                                             658763, 9.05960464477539, 173.28533935546875
895, 1772.6555747389793, 1, 9.926255455007777, 429, 659192,                                             659192, 11.617862701416016, 173.64906311035156
896, 1408.2631070017815, 1, 15.736297511029989, 691, 659883,                                             659883, 9.838483810424805, 172.42674255371094
897, 1537.2428648769855, 1, 12.357498683035374, 541, 660424,                                             660424, 9.639041900634766, 173.4056396484375
898, 1466.0678856372833, 1, 15.336748517933302, 666, 661090,                                             661090, 9.005342483520508, 173.60711669921875
899, 1630.8147043287754, 1, 14.959536865004338, 651, 661741,                                             661741, 9.353289604187012, 173.29718017578125
900, 1096.2409187704325, 1, 17.742292389972135, 770, 662511,                                             662511, 8.949214935302734, 172.98045349121094
901, 1653.0210123956203, 1, 10.045496955048293, 437, 662948,                                             662948, 8.263956069946289, 172.76123046875
902, 1535.0570511817932, 1, 10.322797380038537, 465, 663413,                                             663413, 10.235766410827637, 172.8659210205078
903, 1351.2213779389858, 1, 16.16458442795556, 722, 664135,                                             664135, 8.026091575622559, 174.67550659179688
904, 1325.9472882151604, 1, 16.340454417979345, 716, 664851,                                             664851, 9.975751876831055, 174.38351440429688
905, 1585.3055077791214, 1, 12.334630919038318, 538, 665389,                                             665389, 10.148259162902832, 174.19973754882812
906, 1345.975529819727, 1, 15.547641829005443, 690, 666079,                                             666079, 10.364480972290039, 174.00115966796875
907, 1753.9227343797684, 1, 10.126292155939154, 431, 666510,                                             666510, 10.24269962310791, 171.05604553222656
908, 1512.714901804924, 1, 12.960378393996507, 560, 667070,                                             667070, 9.632223129272461, 172.0303192138672
909, 1384.3504759669304, 1, 15.938187288003974, 690, 667760,                                             667760, 10.254802703857422, 173.89051818847656
910, 1425.6640691161156, 1, 15.160440036910586, 681, 668441,                                             668441, 10.27891731262207, 173.2314910888672
911, 1577.2114487886429, 1, 12.15681036899332, 528, 668969,                                             668969, 7.977878570556641, 172.2135467529297
912, 2130.0798684358597, 1, 8.948448215029202, 396, 669365,                                             669365, 9.181048393249512, 173.45108032226562
913, 1481.1482563316822, 1, 14.33523131092079, 625, 669990,                                             669990, 9.52116870880127, 173.29319763183594
914, 772.7686374783516, 1, 16.74344231490977, 734, 670724,                                             670724, 9.049168586730957, 172.96743774414062
915, 1702.7093288898468, 1, 12.130800164071843, 537, 671261,                                             671261, 9.906514167785645, 172.45431518554688
916, 1696.7336853146553, 1, 9.322670345078222, 401, 671662,                                             671662, 9.69687271118164, 175.69677734375
917, 1539.7266663759947, 1, 14.55945021903608, 643, 672305,                                             672305, 9.967389106750488, 172.47113037109375
918, 1361.6601381003857, 1, 16.544162562000565, 726, 673031,                                             673031, 9.318680763244629, 172.75244140625
919, 1015.9566261768341, 1, 21.184060995001346, 934, 673965,                                             673965, 9.66041374206543, 174.94509887695312
920, 815.4808032810688, 1, 20.352156723034568, 904, 674869,                                             674869, 9.444803237915039, 174.11111450195312
921, 1727.6441497057676, 1, 12.244587396038696, 542, 675411,                                             675411, 8.87755298614502, 174.1697235107422
922, 531.5504693090916, 1, 19.1503411619924, 833, 676244,                                             676244, 9.999773979187012, 172.79177856445312
923, 1906.987724930048, 1, 9.15123957209289, 414, 676658,                                             676658, 9.119319915771484, 172.1979217529297
924, 923.4754448831081, 1, 18.94772708194796, 822, 677480,                                             677480, 9.84194564819336, 173.27735900878906
925, 1106.5588302016258, 1, 15.362237690016627, 671, 678151,                                             678151, 9.386778831481934, 172.51011657714844
926, 1393.430380538106, 1, 14.338423663051799, 629, 678780,                                             678780, 10.339771270751953, 173.64393615722656
927, 1435.629733979702, 1, 13.357269298983738, 602, 679382,                                             679382, 9.20818042755127, 172.74594116210938
928, 1975.5057055950165, 1, 8.724882552982308, 380, 679762,                                             679762, 8.498205184936523, 174.07687377929688
929, 1655.7016397714615, 1, 13.136336205061525, 564, 680326,                                             680326, 9.16535472869873, 173.95201110839844
930, 1487.6156424582005, 1, 12.731865589041263, 551, 680877,                                             680877, 10.360198020935059, 174.6439666748047
931, 1788.1666030585766, 1, 10.402191709028557, 448, 681325,                                             681325, 9.140522956848145, 172.68017578125
932, 1451.4215384721756, 1, 12.127972975955345, 514, 681839,                                             681839, 10.770856857299805, 174.56407165527344
933, 1995.836593002081, 1, 9.526659760042094, 407, 682246,                                             682246, 10.020983695983887, 172.82464599609375
934, 1510.7353794574738, 1, 14.160228085005656, 639, 682885,                                             682885, 9.625346183776855, 174.359130859375
935, 1140.3777431249619, 1, 12.52731577202212, 547, 683432,                                             683432, 9.902764320373535, 173.48455810546875
936, 1701.1603728830814, 1, 9.748527020099573, 439, 683871,                                             683871, 9.14050006866455, 174.17507934570312
937, 2164.1044268608093, 1, 7.519123369012959, 323, 684194,                                             684194, 11.28388786315918, 174.59304809570312
938, 1462.0327528119087, 1, 11.755272494978271, 522, 684716,                                             684716, 10.225848197937012, 173.62059020996094
939, 1454.0823045670986, 1, 13.532409803010523, 593, 685309,                                             685309, 10.745343208312988, 173.9308624267578
940, 1504.7714950293303, 1, 14.33520904602483, 618, 685927,                                             685927, 8.823614120483398, 173.38848876953125
941, 1812.2252316176891, 1, 9.784650222980417, 419, 686346,                                             686346, 9.630184173583984, 174.47305297851562
942, 1435.843194514513, 1, 14.133328392985277, 615, 686961,                                             686961, 10.397229194641113, 173.7786865234375
943, 1615.3024196624756, 1, 14.365723088034429, 636, 687597,                                             687597, 10.137784004211426, 173.93423461914062
944, 542.3914640545845, 1, 19.144838717067614, 855, 688452,                                             688452, 9.623331069946289, 173.6432342529297
945, 1404.4384089410305, 1, 15.360808019991964, 669, 689121,                                             689121, 9.620622634887695, 174.00758361816406
946, 1193.0381080657244, 1, 17.94127152103465, 792, 689913,                                             689913, 9.815337181091309, 173.0384521484375
947, 1509.1949183642864, 1, 11.133702990948223, 487, 690400,                                             690400, 9.885003089904785, 174.77438354492188
948, 2091.6152758598328, 1, 8.92036291398108, 377, 690777,                                             690777, 9.980542182922363, 174.34426879882812
949, 1738.8871122598648, 1, 10.148113288916647, 450, 691227,                                             691227, 11.113632202148438, 173.3855438232422
950, 1405.2941242456436, 1, 10.732727395021357, 467, 691694,                                             691694, 10.450813293457031, 174.76165771484375
951, 1777.9411398172379, 1, 12.156764618004672, 539, 692233,                                             692233, 10.18294620513916, 174.71823120117188
952, 1830.3849456906319, 1, 9.123229096992873, 385, 692618,                                             692618, 10.144214630126953, 173.24444580078125
953, 1618.5646637380123, 1, 14.55220183590427, 652, 693270,                                             693270, 9.833222389221191, 174.29869079589844
954, 1596.7007452249527, 1, 11.324005022994243, 486, 693756,                                             693756, 8.671141624450684, 174.0771026611328
955, 1728.8805277645588, 1, 12.330877136904746, 532, 694288,                                             694288, 9.15744686126709, 174.49205017089844
956, 1279.82104408741, 1, 16.944638034095988, 741, 695029,                                             695029, 9.958953857421875, 173.66827392578125
957, 1520.7255988121033, 1, 11.129447141080163, 477, 695506,                                             695506, 10.995218276977539, 173.91644287109375
958, 1837.4553453475237, 1, 12.357290987973101, 540, 696046,                                             696046, 10.752781867980957, 172.8193359375
959, 1131.0803050845861, 1, 18.94522107602097, 819, 696865,                                             696865, 9.081046104431152, 174.08351135253906
960, 1489.9827850461006, 1, 14.761286120046861, 638, 697503,                                             697503, 9.165343284606934, 173.58975219726562
961, 1200.7205266356468, 1, 17.731470243074, 767, 698270,                                             698270, 9.566916465759277, 174.00265502929688
962, 1435.177827835083, 1, 14.139998674043454, 621, 698891,                                             698891, 9.064046859741211, 174.39456176757812
963, 1497.6494168639183, 1, 15.540202266070992, 688, 699579,                                             699579, 9.239869117736816, 174.56495666503906
964, 1263.0384233891964, 1, 16.365300929057412, 717, 700296,                                             700296, 9.148397445678711, 174.33798217773438
965, 1565.0753038525581, 1, 11.730197082040831, 501, 700797,                                             700797, 8.426560401916504, 174.44346618652344
966, 2079.586349904537, 1, 6.939935834030621, 288, 701085,                                             701085, 9.455410957336426, 169.76608276367188
967, 1373.3635875284672, 1, 14.739817929104902, 637, 701722,                                             701722, 9.192119598388672, 172.978759765625
968, 1695.0468442440033, 1, 11.153053532005288, 486, 702208,                                             702208, 9.721273422241211, 174.69679260253906
969, 934.9078162908554, 1, 19.747111591976136, 871, 703079,                                             703079, 10.384077072143555, 173.90362548828125
970, 1567.4332770109177, 1, 11.95098396600224, 526, 703605,                                             703605, 9.930198669433594, 172.2253875732422
971, 1442.5253182649612, 1, 11.870927447918802, 520, 704125,                                             704125, 10.043922424316406, 172.77371215820312
972, 1465.0880009531975, 1, 15.363609805935994, 679, 704804,                                             704804, 9.83908748626709, 174.4331512451172
973, 1736.7244779765606, 1, 12.133056347025558, 516, 705320,                                             705320, 10.63232135772705, 173.53797912597656
974, 1584.153774768114, 1, 13.537257137009874, 579, 705899,                                             705899, 9.139810562133789, 174.8629913330078
975, 1674.9242996275425, 1, 11.341864051995799, 496, 706395,                                             706395, 10.22115707397461, 172.9584503173828
976, 1523.4693055152893, 1, 11.530464662006125, 488, 706883,                                             706883, 11.011160850524902, 173.5375213623047
977, 1774.8851591348648, 1, 11.346226696041413, 502, 707385,                                             707385, 9.79914665222168, 173.43505859375
978, 1262.6068860590458, 1, 15.334058523993008, 670, 708055,                                             708055, 9.268330574035645, 174.6368865966797
979, 1379.1279496252537, 1, 12.751654994906858, 571, 708626,                                             708626, 10.179521560668945, 173.08193969726562
980, 1817.0686737298965, 1, 9.12187786702998, 384, 709010,                                             709010, 8.403403282165527, 175.55487060546875
981, 1067.6384107470512, 1, 18.126641259994358, 798, 709808,                                             709808, 9.815133094787598, 174.72900390625
982, 1280.2185208201408, 1, 16.138249922078103, 703, 710511,                                             710511, 10.590744972229004, 173.92630004882812
983, 1502.1346029639244, 1, 14.161367921042256, 616, 711127,                                             711127, 10.13786792755127, 173.6127471923828
984, 1000.9029340147972, 1, 17.34769070893526, 759, 711886,                                             711886, 9.092764854431152, 175.5458526611328
985, 1374.9608151316643, 1, 14.936364604975097, 646, 712532,                                             712532, 9.097586631774902, 173.30947875976562
986, 1227.5934077501297, 1, 16.94154188700486, 732, 713264,                                             713264, 9.437156677246094, 174.18687438964844
987, 883.0779766440392, 1, 19.772103654104285, 861, 714125,                                             714125, 10.951171875, 175.10006713867188
988, 1760.6980602145195, 1, 9.526867986074649, 404, 714529,                                             714529, 10.986346244812012, 172.6150665283203
989, 1634.9570598900318, 1, 13.759459828026593, 604, 715133,                                             715133, 9.08984661102295, 176.11012268066406
990, 1314.3179670274258, 1, 14.940547734033316, 645, 715778,                                             715778, 8.715317726135254, 173.28005981445312
991, 1455.6402470469475, 1, 13.917756084003486, 605, 716383,                                             716383, 9.955677032470703, 172.03518676757812
992, 1383.6865829825401, 1, 13.131078292033635, 568, 716951,                                             716951, 10.41547966003418, 173.44871520996094
993, 1860.488054662943, 1, 8.947030571987852, 393, 717344,                                             717344, 9.79377555847168, 175.28334045410156
994, 1331.8356683850288, 1, 15.73748903395608, 674, 718018,                                             718018, 9.795038223266602, 175.17665100097656
995, 1456.3521031737328, 1, 12.557799100060947, 541, 718559,                                             718559, 9.680021286010742, 173.3867950439453
996, 1754.038872718811, 1, 9.322854844969697, 401, 718960,                                             718960, 9.181199073791504, 173.415283203125
997, 1972.8080611228943, 1, 9.747786114923656, 416, 719376,                                             719376, 9.83717155456543, 173.95143127441406
998, 1254.105738118291, 1, 19.948027113918215, 863, 720239,                                             720239, 9.492424964904785, 172.89405822753906
999, 1422.1932166218758, 1, 12.734386458061635, 556, 720795,                                             720795, 8.96025276184082, 172.68869018554688
1000, 2118.5520856678486, 1, 7.14557104895357, 306, 721101,                                             721101, 10.793600082397461, 174.91815185546875
1001, 1584.598254442215, 1, 12.141017829999328, 519, 721620,                                             721620, 9.408737182617188, 174.4769744873047
1002, 1688.5119166970253, 1, 13.131454167072661, 570, 722190,                                             722190, 9.363866806030273, 172.67112731933594
1003, 1429.8453343212605, 1, 13.56506010890007, 579, 722769,                                             722769, 9.331835746765137, 175.16680908203125
1004, 1599.06126922369, 1, 11.726094003068283, 506, 723275,                                             723275, 10.993523597717285, 172.92091369628906
1005, 1120.314884096384, 1, 16.967733899015002, 745, 724020,                                             724020, 10.815906524658203, 174.51292419433594
1006, 1321.4937884509563, 1, 15.53804350597784, 663, 724683,                                             724683, 10.581120491027832, 174.8907928466797
1007, 1489.0051763504744, 1, 16.96563021990005, 743, 725426,                                             725426, 10.115181922912598, 174.4102783203125
1008, 1416.1046146154404, 1, 12.127383940969594, 524, 725950,                                             725950, 11.063735008239746, 173.80331420898438
1009, 1761.4832566976547, 1, 13.151884524035268, 566, 726516,                                             726516, 10.126794815063477, 173.522216796875
1010, 1372.0827642083168, 1, 14.136348720057867, 620, 727136,                                             727136, 10.450141906738281, 174.24020385742188
1011, 1365.4602929651737, 1, 13.646086264052428, 580, 727716,                                             727716, 10.538726806640625, 172.5040283203125
1012, 1159.6549170315266, 1, 18.96415909798816, 817, 728533,                                             728533, 8.602622985839844, 173.27857971191406
1013, 994.415171533823, 1, 18.142550013028085, 796, 729329,                                             729329, 9.570236206054688, 173.5135498046875
1014, 1401.468048632145, 1, 15.54257338901516, 655, 729984,                                             729984, 10.099808692932129, 173.28927612304688
1015, 1757.2637949585915, 1, 10.745551867061295, 453, 730437,                                             730437, 10.92739486694336, 170.83934020996094
1016, 1166.2487352788448, 1, 15.740233257994987, 679, 731116,                                             731116, 9.837491035461426, 173.646484375
1017, 1408.5425976514816, 1, 16.542629727046005, 699, 731815,                                             731815, 8.852657318115234, 172.6505889892578
1018, 1301.8829809129238, 1, 13.95936918805819, 610, 732425,                                             732425, 10.65241527557373, 173.12432861328125
1019, 1585.1881547570229, 1, 12.731955649913289, 535, 732960,                                             732960, 9.57802963256836, 173.11692810058594
1020, 1177.1188886463642, 1, 18.35114290798083, 783, 733743,                                             733743, 8.747397422790527, 174.11282348632812
1021, 1496.3777841031551, 1, 13.838531734072603, 597, 734340,                                             734340, 9.797019958496094, 175.4126434326172
1022, 1759.5359999537468, 1, 12.728157991077751, 540, 734880,                                             734880, 9.702628135681152, 174.98214721679688
1023, 1655.3376119434834, 1, 11.954490375006571, 518, 735398,                                             735398, 10.747605323791504, 173.30677795410156
1024, 1602.6060093045235, 1, 14.132942509953864, 528, 735926,                                             735926, 9.008993148803711, 172.9674835205078
1025, 1197.2180317342281, 1, 15.570621719001792, 679, 736605,                                             736605, 10.281410217285156, 172.0321044921875
1026, 1297.8734803199768, 1, 16.537945467978716, 709, 737314,                                             737314, 9.383394241333008, 174.7518310546875
1027, 1533.2143566906452, 1, 13.346165800001472, 569, 737883,                                             737883, 10.134458541870117, 173.71099853515625
1028, 1549.941906541586, 1, 13.333599417004734, 566, 738449,                                             738449, 10.760428428649902, 171.6649169921875
1029, 1767.568781286478, 1, 12.35569385997951, 543, 738992,                                             738992, 8.715828895568848, 172.78355407714844
1030, 1038.6290397644043, 1, 16.538503616000526, 708, 739700,                                             739700, 9.64749813079834, 173.1547088623047
1031, 1571.620120793581, 1, 11.225789124961011, 483, 740183,                                             740183, 10.734109878540039, 173.4817352294922
1032, 1685.2449783682823, 1, 10.529140089056455, 455, 740638,                                             740638, 9.88585090637207, 172.46559143066406
1033, 1591.329506099224, 1, 12.158858681912534, 515, 741153,                                             741153, 10.139241218566895, 173.2116241455078
1034, 1425.279436469078, 1, 16.141298877075315, 687, 741840,                                             741840, 10.116862297058105, 173.14280700683594
1035, 1239.899348437786, 1, 16.36474976700265, 699, 742539,                                             742539, 10.08000659942627, 172.4197235107422
1036, 1249.621152997017, 1, 14.535956245963462, 604, 743143,                                             743143, 9.423883438110352, 172.86801147460938
1037, 1505.583157390356, 1, 11.750320598948747, 506, 743649,                                             743649, 10.91423225402832, 172.5296173095703
1038, 1496.8525713086128, 1, 10.726422637933865, 464, 744113,                                             744113, 9.334354400634766, 172.29904174804688
1039, 1995.8829460442066, 1, 9.12385049299337, 382, 744495,                                             744495, 10.374262809753418, 173.72488403320312
1040, 1438.0653359293938, 1, 12.959950964082964, 557, 745052,                                             745052, 9.737510681152344, 172.18746948242188
1041, 2097.15988945961, 1, 6.945582097047009, 292, 745344,                                             745344, 11.553417205810547, 172.25819396972656
1042, 1391.2882591784, 1, 12.956576518947259, 556, 745900,                                             745900, 10.385584831237793, 174.11434936523438
1043, 2088.177985817194, 1, 9.525071869022213, 406, 746306,                                             746306, 9.773841857910156, 172.92201232910156
1044, 1245.5687309205532, 1, 16.56055630906485, 720, 747026,                                             747026, 9.771778106689453, 172.91314697265625
1045, 1347.0462809205055, 1, 15.338471246068366, 655, 747681,                                             747681, 9.278697967529297, 173.70823669433594
1046, 1269.1226851046085, 1, 17.161174251930788, 747, 748428,                                             748428, 9.550186157226562, 173.40896606445312
1047, 1402.35431137681, 1, 15.933836949057877, 690, 749118,                                             749118, 9.065332412719727, 173.31414794921875
1048, 1324.5614790320396, 1, 14.160497720935382, 614, 749732,                                             749732, 10.725299835205078, 173.728759765625
1049, 1232.509595632553, 1, 15.94229106605053, 674, 750406,                                             750406, 9.219032287597656, 173.79722595214844
1050, 1503.992945075035, 1, 13.354847025009803, 582, 750988,                                             750988, 11.028916358947754, 173.11366271972656
1051, 1468.1299321651459, 1, 14.752754876040854, 630, 751618,                                             751618, 9.46402359008789, 174.41651916503906
1052, 1603.459741026163, 1, 13.349556179018691, 564, 752182,                                             752182, 9.318205833435059, 173.0801239013672
1053, 1480.0505760908127, 1, 13.734141205088235, 581, 752763,                                             752763, 8.276151657104492, 173.1874237060547
1054, 1445.1993871629238, 1, 15.760915718972683, 674, 753437,                                             753437, 10.83226203918457, 172.87208557128906
1055, -3151.7926862239838, 2, 4.9110479089431465, 199, 753636,                                             753636, 8.166939735412598, 172.4044647216797
1056, 1801.547132536769, 1, 11.356313648982905, 487, 754123,                                             754123, 9.565449714660645, 173.05783081054688
1057, 1489.8012974262238, 1, 13.532986475969665, 563, 754686,                                             754686, 11.081631660461426, 173.18923950195312
1058, 967.8821629285812, 1, 16.173615799983963, 688, 755374,                                             755374, 10.249995231628418, 173.0706787109375
1059, 1348.1054048091173, 1, 17.344621912110597, 710, 756084,                                             756084, 9.859886169433594, 173.37667846679688
1060, 1374.121437549591, 1, 14.737752745044418, 634, 756718,                                             756718, 10.119579315185547, 173.59722900390625
1061, 1469.345836699009, 1, 12.38160210789647, 523, 757241,                                             757241, 8.600018501281738, 173.13754272460938
1062, 1397.673730880022, 1, 17.93953206099104, 771, 758012,                                             758012, 9.06907844543457, 173.37130737304688
1063, 1341.5066237449646, 1, 16.142741368035786, 691, 758703,                                             758703, 10.27669620513916, 172.20452880859375
1064, 1147.8707909882069, 1, 18.36856674903538, 784, 759487,                                             759487, 10.219125747680664, 174.66004943847656
1065, 1614.268644452095, 1, 11.929657466011122, 510, 759997,                                             759997, 10.579666137695312, 173.40748596191406
1066, 1891.6436106860638, 1, 9.947460527066141, 414, 760411,                                             760411, 9.971246719360352, 174.62254333496094
1067, 1446.2735184133053, 1, 16.134261028957553, 681, 761092,                                             761092, 10.907002449035645, 172.3011474609375
1068, 1406.4725118279457, 1, 16.95790430402849, 737, 761829,                                             761829, 9.91521167755127, 174.30242919921875
1069, 1750.4494872391224, 1, 12.329162716050632, 508, 762337,                                             762337, 9.309979438781738, 173.99391174316406
1070, 1856.3215220570564, 1, 10.528603416052647, 454, 762791,                                             762791, 9.442174911499023, 172.23704528808594
1071, 1420.5720318853855, 1, 13.955531627987511, 593, 763384,                                             763384, 9.451630592346191, 172.93276977539062
1072, 1528.4025235176086, 1, 14.334180189995095, 592, 763976,                                             763976, 10.836639404296875, 172.2964324951172
1073, 1335.0359978079796, 1, 16.939729856094345, 712, 764688,                                             764688, 9.685389518737793, 174.45083618164062
1074, 1614.5677270293236, 1, 11.329064292018302, 481, 765169,                                             765169, 9.950172424316406, 173.01284790039062
1075, 1674.8444794118404, 1, 9.924646948929876, 409, 765578,                                             765578, 9.312697410583496, 175.14633178710938
1076, 2058.5223019719124, 1, 7.749512534937821, 322, 765900,                                             765900, 9.183525085449219, 172.3550567626953
1077, 1350.5802378058434, 1, 15.736089971032925, 668, 766568,                                             766568, 11.570773124694824, 173.73370361328125
1078, 1913.4682793617249, 1, 8.52680520596914, 360, 766928,                                             766928, 10.114831924438477, 173.01625061035156
1079, 1789.6479926109314, 1, 11.732213326031342, 502, 767430,                                             767430, 11.154436111450195, 174.3249053955078
1080, 1522.165795147419, 1, 12.964379747048952, 540, 767970,                                             767970, 10.16634750366211, 172.263671875
1081, 1426.6594014763832, 1, 11.699963541934267, 505, 768475,                                             768475, 10.738656044006348, 172.6898956298828
1082, 2173.3355359733105, 1, 7.7193189800018445, 320, 768795,                                             768795, 9.26163101196289, 173.01736450195312
1083, 1617.0937786102295, 1, 10.557016285019927, 455, 769250,                                             769250, 8.45780086517334, 173.63267517089844
1084, 2030.173183977604, 1, 9.551186296041124, 398, 769648,                                             769648, 9.775171279907227, 172.57394409179688
1085, 1411.8977356553078, 1, 15.740243982058018, 655, 770303,                                             770303, 9.098299980163574, 172.34454345703125
1086, 1650.0664156079292, 1, 11.95766784006264, 503, 770806,                                             770806, 10.396787643432617, 173.18955993652344
1087, 1553.6728907227516, 1, 11.926915526972152, 507, 771313,                                             771313, 11.79776382446289, 175.034423828125
1088, 1804.4289346933365, 1, 8.54592321102973, 362, 771675,                                             771675, 10.85935115814209, 172.20330810546875
1089, 1778.673542290926, 1, 12.52551157597918, 519, 772194,                                             772194, 11.585762977600098, 173.52249145507812
1090, 1665.1007615327835, 1, 10.351047234027646, 434, 772628,                                             772628, 10.449907302856445, 173.41293334960938
1091, 2138.466337144375, 1, 8.859931446029805, 377, 773005,                                             773005, 10.717754364013672, 173.01416015625
1092, 1803.004150122404, 1, 9.951087021036074, 422, 773427,                                             773427, 9.833930969238281, 172.62147521972656
1093, 1794.6050381660461, 1, 9.726699044927955, 398, 773825,                                             773825, 10.812155723571777, 173.4453582763672
1094, 1681.8398746699095, 1, 13.733721517026424, 574, 774399,                                             774399, 10.423355102539062, 170.51393127441406
1095, 1699.2778660953045, 1, 10.928045426961035, 454, 774853,                                             774853, 9.68874740600586, 174.453369140625
1096, 1692.9524411857128, 1, 11.352424372918904, 468, 775321,                                             775321, 11.461115837097168, 171.8786163330078
1097, 1446.4086588025093, 1, 15.541178832994774, 647, 775968,                                             775968, 10.081868171691895, 173.23809814453125
1098, 1566.6290933191776, 1, 11.154770296067, 469, 776437,                                             776437, 9.648517608642578, 173.83575439453125
1099, 1581.657079577446, 1, 9.926927232998423, 415, 776852,                                             776852, 9.849198341369629, 173.80783081054688
1100, 2003.8214548230171, 1, 8.745827196980827, 359, 777211,                                             777211, 11.64576244354248, 172.92611694335938
1101, 1621.3129450380802, 1, 11.999617586028762, 492, 777703,                                             777703, 10.471646308898926, 175.47021484375
1102, 1682.2125088870525, 1, 10.354602359002456, 425, 778128,                                             778128, 8.665267944335938, 173.3594512939453
1103, 1730.9318023324013, 1, 9.730222166981548, 393, 778521,                                             778521, 9.31762981414795, 172.81690979003906
1104, 1984.879061371088, 1, 9.544657680089585, 396, 778917,                                             778917, 9.04642105102539, 174.0018310546875
1105, 1276.8112183213234, 1, 19.344662109971978, 833, 779750,                                             779750, 9.816315650939941, 173.7580108642578
1106, 1396.7184232473373, 1, 15.16412929398939, 644, 780394,                                             780394, 10.224437713623047, 174.3188934326172
1107, 1453.3137520849705, 1, 16.537578405928798, 694, 781088,                                             781088, 10.005783081054688, 173.379638671875
1108, 1875.2244048714638, 1, 8.725695957895368, 369, 781457,                                             781457, 10.42754077911377, 173.14476013183594
1109, 1610.4637814164162, 1, 15.76296297297813, 674, 782131,                                             782131, 10.229316711425781, 174.19769287109375
1110, 1594.3419713377953, 1, 12.123598466976546, 506, 782637,                                             782637, 9.402303695678711, 173.81166076660156
1111, 1652.1610393822193, 1, 9.666218411992304, 416, 783053,                                             783053, 9.90359115600586, 174.52813720703125
1112, 1807.3948380351067, 1, 10.123080090037547, 427, 783480,                                             783480, 10.546581268310547, 173.4651641845703
1113, 1468.4334291368723, 1, 14.334604682051577, 605, 784085,                                             784085, 10.600385665893555, 171.53494262695312
1114, 1684.0260584652424, 1, 10.72861050395295, 457, 784542,                                             784542, 10.995625495910645, 173.4305877685547
1115, 2175.5508176386356, 1, 7.521570695913397, 312, 784854,                                             784854, 11.16047477722168, 173.20303344726562
1116, 1418.8585438728333, 1, 15.564235687023029, 661, 785515,                                             785515, 9.514175415039062, 172.4907989501953
1117, 1770.6007094979286, 1, 8.522786726010963, 354, 785869,                                             785869, 11.676470756530762, 173.02552795410156
1118, 1402.9424853622913, 1, 15.962374663096853, 682, 786551,                                             786551, 10.203364372253418, 172.73329162597656
1119, 1556.9144822061062, 1, 14.735609656083398, 623, 787174,                                             787174, 9.702988624572754, 173.30673217773438
1120, 1726.817715227604, 1, 10.552185527049005, 447, 787621,                                             787621, 11.737956047058105, 173.19732666015625
1121, 1991.5583348870277, 1, 8.394311840995215, 356, 787977,                                             787977, 10.749357223510742, 174.85093688964844
1122, 1830.385825395584, 1, 8.32167033595033, 344, 788321,                                             788321, 9.109583854675293, 174.27716064453125
1123, 2068.2508032619953, 1, 8.72069148090668, 348, 788669,                                             788669, 7.838624477386475, 172.05445861816406
1124, 1676.9521744847298, 1, 12.951512651983649, 550, 789219,                                             789219, 9.785935401916504, 171.58192443847656
1125, 1745.9244215786457, 1, 10.125140669988468, 428, 789647,                                             789647, 9.993011474609375, 172.3779754638672
1126, 1669.2858318984509, 1, 11.553136348957196, 504, 790151,                                             790151, 10.077265739440918, 174.44949340820312
1127, 1902.5098477900028, 1, 8.920444048009813, 369, 790520,                                             790520, 10.376771926879883, 172.09303283691406
1128, 1364.9783880710602, 1, 17.945067412918434, 765, 791285,                                             791285, 10.88249683380127, 172.4606475830078
1129, 1841.4442701637745, 1, 8.948554906994104, 363, 791648,                                             791648, 9.138898849487305, 173.5396270751953
1130, 1883.608416646719, 1, 10.522480593062937, 436, 792084,                                             792084, 10.984254837036133, 173.1573944091797
1131, 1537.5983719229698, 1, 15.830150548019446, 658, 792742,                                             792742, 9.91433048248291, 173.1360321044922
1132, 1734.4572229087353, 1, 8.924638992990367, 369, 793111,                                             793111, 10.715197563171387, 172.5446319580078
1133, 1891.2582185864449, 1, 8.723504816065542, 363, 793474,                                             793474, 11.781495094299316, 171.74534606933594
1134, 1877.2801628112793, 1, 10.351191306952387, 432, 793906,                                             793906, 9.375571250915527, 173.5109405517578
1135, 2019.0703136324883, 1, 8.321122467052191, 355, 794261,                                             794261, 12.50158405303955, 172.5521240234375
1136, 1490.3334174454212, 1, 16.96786753309425, 728, 794989,                                             794989, 8.446466445922852, 172.94847106933594
1137, 1495.156083598733, 1, 16.532105425954796, 699, 795688,                                             795688, 10.595490455627441, 171.79420471191406
1138, 1654.6851412653923, 1, 10.15240103402175, 439, 796127,                                             796127, 9.587522506713867, 173.37509155273438
1139, 1959.6662910580635, 1, 8.921365794958547, 366, 796493,                                             796493, 10.174959182739258, 173.81829833984375
1140, 2000.7327106893063, 1, 8.73671010590624, 377, 796870,                                             796870, 10.711043357849121, 172.20733642578125
1141, 1600.3546919822693, 1, 13.600360587006435, 575, 797445,                                             797445, 9.56235408782959, 173.33961486816406
1142, 1888.1702153384686, 1, 7.950175661011599, 328, 797773,                                             797773, 10.734539985656738, 173.76109313964844
1143, 1831.2230069041252, 1, 8.720528771984391, 364, 798137,                                             798137, 9.578221321105957, 171.42677307128906
1144, 1891.5313086211681, 1, 9.748654203023762, 422, 798559,                                             798559, 12.593815803527832, 173.40174865722656
1145, 2126.2295530736446, 1, 7.719472940079868, 312, 798871,                                             798871, 9.205686569213867, 171.281494140625
1146, 1708.4393107444048, 1, 13.752206129021943, 563, 799434,                                             799434, 10.222429275512695, 173.5006103515625
1147, 1591.9454749524593, 1, 13.130748310009949, 564, 799998,                                             799998, 10.306260108947754, 172.21246337890625
1148, 1613.85593983531, 1, 11.929591072024778, 492, 800490,                                             800490, 9.349529266357422, 171.78831481933594
1149, 1607.591299533844, 1, 12.357210658024997, 521, 801011,                                             801011, 10.868825912475586, 171.5133056640625
1150, 1651.0090926885605, 1, 11.926863924018107, 484, 801495,                                             801495, 10.606698989868164, 171.32421875
1151, 1857.6231225132942, 1, 8.00555834104307, 350, 801845,                                             801845, 10.164377212524414, 173.48085021972656
1152, 1568.8334863483906, 1, 14.338315548026003, 599, 802444,                                             802444, 10.383460998535156, 171.724853515625
1153, 1969.3198044598103, 1, 7.947602084022947, 339, 802783,                                             802783, 8.56055736541748, 171.31011962890625
1154, 1783.7513059675694, 1, 10.126408190932125, 411, 803194,                                             803194, 9.546390533447266, 170.2830352783203
1155, 1658.0564889907837, 1, 12.161191007005982, 507, 803701,                                             803701, 9.474644660949707, 173.3362579345703
1156, 1465.308387875557, 1, 14.733453181921504, 625, 804326,                                             804326, 11.051508903503418, 170.9931640625
1157, 1693.9205120503902, 1, 10.743115082965232, 464, 804790,                                             804790, 9.377235412597656, 174.24295043945312
1158, 1763.27146191895, 1, 12.13142052909825, 497, 805287,                                             805287, 10.432485580444336, 172.39076232910156
1159, 1632.9500849992037, 1, 10.758845382020809, 443, 805730,                                             805730, 12.61223316192627, 173.69943237304688
1160, 1435.9334142655134, 1, 14.533521731966175, 629, 806359,                                             806359, 10.851489067077637, 173.21182250976562
1161, 1528.7094766199589, 1, 13.995559194940142, 590, 806949,                                             806949, 10.832755088806152, 171.86456298828125
1162, 1446.4746688902378, 1, 14.339170107035898, 596, 807545,                                             807545, 9.799160957336426, 169.84243774414062
1163, 1565.0930671393871, 1, 12.355152006959543, 511, 808056,                                             808056, 10.583992004394531, 171.8358917236328
1164, 1853.7392693161964, 1, 9.123360116034746, 372, 808428,                                             808428, 10.663773536682129, 173.31993103027344
1165, 1888.9981281161308, 1, 8.550600216025487, 365, 808793,                                             808793, 10.3463134765625, 171.44972229003906
1166, 2100.5875994563103, 1, 7.317329647950828, 305, 809098,                                             809098, 9.624763488769531, 171.7841339111328
1167, 1531.5622597932816, 1, 13.753213452058844, 577, 809675,                                             809675, 9.842752456665039, 172.18943786621094
1168, 1885.8852469921112, 1, 10.129717837902717, 417, 810092,                                             810092, 10.349346160888672, 171.9040069580078
1169, 1661.1959784328938, 1, 13.965513254981488, 600, 810692,                                             810692, 9.795533180236816, 171.9998779296875
1170, 1443.029211640358, 1, 14.329859318910167, 585, 811277,                                             811277, 11.111008644104004, 173.22164916992188
1171, 1742.171969473362, 1, 9.76639490306843, 416, 811693,                                             811693, 9.500570297241211, 172.65069580078125
1172, 1229.7824872732162, 1, 11.53166750993114, 468, 812161,                                             812161, 9.690292358398438, 172.42323303222656
1173, 1753.2515516877174, 1, 8.547324333107099, 350, 812511,                                             812511, 10.602811813354492, 171.4520263671875
1174, 2131.9632839262486, 1, 7.115316399955191, 285, 812796,                                             812796, 12.549871444702148, 170.23434448242188
1175, 1659.746035695076, 1, 12.147158056963235, 508, 813304,                                             813304, 9.894647598266602, 171.2710723876953
1176, 1774.2621934115887, 1, 11.530211203033105, 478, 813782,                                             813782, 9.648054122924805, 171.50311279296875
1177, 1647.6106941103935, 1, 10.350506277987733, 435, 814217,                                             814217, 11.77618408203125, 170.9801788330078
1178, 2194.644907414913, 1, 7.3176438780501485, 301, 814518,                                             814518, 9.850629806518555, 173.71812438964844
1179, 1662.4561515450478, 1, 13.158730704919435, 549, 815067,                                             815067, 9.73188591003418, 171.28915405273438
1180, 1844.6430753469467, 1, 10.726193368900567, 452, 815519,                                             815519, 10.498369216918945, 172.40737915039062
1181, 1771.8881894946098, 1, 9.368768233107403, 387, 815906,                                             815906, 9.364219665527344, 173.13674926757812
1182, 2009.0758903622627, 1, 9.729974181973375, 410, 816316,                                             816316, 9.770877838134766, 171.32635498046875
1183, 1974.4114215672016, 1, 9.524501207983121, 389, 816705,                                             816705, 8.845903396606445, 172.41677856445312
1184, 1622.376060768962, 1, 15.940659468062222, 645, 817350,                                             817350, 11.498279571533203, 172.6847686767578
1185, 1622.0095041692257, 1, 13.55734558601398, 569, 817919,                                             817919, 10.011218070983887, 170.6573028564453
1186, 1525.7465566694736, 1, 13.93740107002668, 585, 818504,                                             818504, 10.355459213256836, 170.39752197265625
1187, 1633.6465843319893, 1, 12.145920229959302, 510, 819014,                                             819014, 11.34249496459961, 173.0177001953125
1188, 1661.217316031456, 1, 11.12863720592577, 456, 819470,                                             819470, 11.767638206481934, 173.62852478027344
1189, 2078.487031966448, 1, 7.319240723969415, 303, 819773,                                             819773, 8.212739944458008, 170.62509155273438
1190, 1870.0039058327675, 1, 9.949940294027328, 409, 820182,                                             820182, 9.679797172546387, 171.05712890625
1191, 1777.5804333686829, 1, 8.499960354994982, 334, 820516,                                             820516, 9.539971351623535, 170.24171447753906
1192, 1557.8254560232162, 1, 15.566096485010348, 650, 821166,                                             821166, 8.960967063903809, 169.71376037597656
1193, 894.3421430587769, 1, 15.1386045999825, 623, 821789,                                             821789, 10.847597122192383, 170.41900634765625
1194, 1754.4577797353268, 1, 10.550969330011867, 440, 822229,                                             822229, 9.390036582946777, 171.575927734375
1195, 1631.1509975492954, 1, 11.124478913960047, 462, 822691,                                             822691, 10.647928237915039, 170.6009979248047
1196, 1970.6621443033218, 1, 9.738622797071002, 404, 823095,                                             823095, 10.274092674255371, 172.36097717285156
1197, 2090.479521661997, 1, 6.715786412009038, 275, 823370,                                             823370, 10.008550643920898, 172.9628448486328
1198, 1631.1101553440094, 1, 14.762711065006442, 613, 823983,                                             823983, 11.259615898132324, 171.74911499023438
1199, 1492.125608086586, 1, 15.333566359011456, 635, 824618,                                             824618, 11.226112365722656, 172.37796020507812
1200, 1846.6326919198036, 1, 11.947686888976023, 496, 825114,                                             825114, 10.63500690460205, 170.87998962402344
1201, 1904.3985950052738, 1, 10.130291098961607, 413, 825527,                                             825527, 9.34145736694336, 170.749267578125
1202, 2035.2044506669044, 1, 8.347586950985715, 346, 825873,                                             825873, 9.294508934020996, 171.5276336669922
1203, 1566.2249703407288, 1, 14.140478142071515, 589, 826462,                                             826462, 8.553328514099121, 170.8467254638672
1204, 1784.4531711637974, 1, 12.357678925967775, 522, 826984,                                             826984, 9.16295051574707, 171.1180877685547
1205, 1729.3077046573162, 1, 11.3295502649853, 464, 827448,                                             827448, 9.732766151428223, 170.72491455078125
1206, 1556.7084206938744, 1, 13.155725080985576, 541, 827989,                                             827989, 9.896612167358398, 171.32107543945312
1207, 1486.3043899834156, 1, 15.343206070014276, 630, 828619,                                             828619, 10.975554466247559, 170.50376892089844
1208, 1435.5375362336636, 1, 15.934853286948055, 673, 829292,                                             829292, 9.245756149291992, 170.94412231445312
1209, 1505.1246582269669, 1, 12.333657948998734, 518, 829810,                                             829810, 10.867337226867676, 172.56724548339844
1210, 2046.447734028101, 1, 9.525027550989762, 383, 830193,                                             830193, 8.652496337890625, 168.79867553710938
1211, 1755.5417858958244, 1, 13.289242360042408, 554, 830747,                                             830747, 11.646087646484375, 169.65162658691406
1212, 1622.5806470811367, 1, 10.727782330010086, 440, 831187,                                             831187, 9.756525993347168, 170.48419189453125
1213, 1726.7053226232529, 1, 12.558788854046725, 524, 831711,                                             831711, 11.166707038879395, 171.84536743164062
1214, 1335.0778270065784, 1, 15.94026566890534, 651, 832362,                                             832362, 9.689960479736328, 169.76617431640625
1215, 1780.8003468811512, 1, 9.950030629057437, 409, 832771,                                             832771, 10.149291038513184, 169.20928955078125
1216, 1815.2314770817757, 1, 10.316968344035558, 417, 833188,                                             833188, 10.062529563903809, 168.9384002685547
1217, 1630.461037248373, 1, 12.152007904020138, 517, 833705,                                             833705, 9.250679016113281, 169.33847045898438
1218, 1822.2958065271378, 1, 11.329868986038491, 468, 834173,                                             834173, 10.662849426269531, 168.96533203125
1219, 1945.7352758646011, 1, 9.122788447071798, 370, 834543,                                             834543, 10.152688980102539, 169.27061462402344
1220, 1751.7937168180943, 1, 10.156508472980931, 405, 834948,                                             834948, 10.208833694458008, 167.64517211914062
1221, 1686.450585871935, 1, 12.626604164019227, 518, 835466,                                             835466, 10.446961402893066, 170.6845703125
1222, 1852.1338959783316, 1, 10.550812506000511, 431, 835897,                                             835897, 9.867167472839355, 172.3387908935547
1223, 1700.850363343954, 1, 11.72638172202278, 483, 836380,                                             836380, 10.98741340637207, 170.4417266845703
1224, 1726.6567800343037, 1, 9.755927228019573, 408, 836788,                                             836788, 10.004273414611816, 169.47018432617188
1225, 1688.6650904715061, 1, 13.934841895010322, 562, 837350,                                             837350, 11.481290817260742, 170.98104858398438
1226, 1528.194454088807, 1, 16.77048816299066, 692, 838042,                                             838042, 8.95229721069336, 171.37445068359375
1227, 1632.887906998396, 1, 12.328882787958719, 513, 838555,                                             838555, 10.204867362976074, 169.19715881347656
1228, 2060.5731838345528, 1, 9.353121447027661, 392, 838947,                                             838947, 9.797019958496094, 169.5068817138672
1229, 1622.9946656674147, 1, 15.337680957978591, 639, 839586,                                             839586, 10.651717185974121, 169.39207458496094
1230, 1998.9274668693542, 1, 8.72229720291216, 349, 839935,                                             839935, 10.293623924255371, 170.15872192382812
1231, 1970.1748008579016, 1, 10.455787226906978, 423, 840358,                                             840358, 10.191624641418457, 172.00198364257812
1232, 1621.7492547035217, 1, 10.723904749029316, 449, 840807,                                             840807, 10.492083549499512, 169.0265655517578
1233, 1423.2915091216564, 1, 15.766519431956112, 657, 841464,                                             841464, 10.507546424865723, 169.78994750976562
1234, 1766.5923715531826, 1, 12.733463636017404, 515, 841979,                                             841979, 10.300008773803711, 168.63943481445312
1235, 1658.7548008710146, 1, 13.534446278004907, 564, 842543,                                             842543, 10.60830307006836, 169.84817504882812
1236, 1630.368842124939, 1, 15.141237650997937, 626, 843169,                                             843169, 9.059770584106445, 169.7562713623047
1237, 1408.6883325129747, 1, 17.564948440995067, 747, 843916,                                             843916, 10.43161678314209, 169.7650146484375
1238, 1654.5222610533237, 1, 10.922660118085332, 459, 844375,                                             844375, 11.439903259277344, 170.94883728027344
1239, 1677.2516914010048, 1, 11.360655757016502, 474, 844849,                                             844849, 10.758132934570312, 168.01025390625
1240, 1699.0895585119724, 1, 10.119979057926685, 418, 845267,                                             845267, 11.23538589477539, 168.46620178222656
1241, 1880.9963748455048, 1, 12.038439845084213, 509, 845776,                                             845776, 11.643295288085938, 172.12257385253906
1242, 1649.807292521, 1, 13.731377888005227, 563, 846339,                                             846339, 8.794912338256836, 167.80621337890625
1243, 1497.9818294346333, 1, 11.154753707931377, 464, 846803,                                             846803, 11.085710525512695, 170.3702392578125
1244, 1121.3326618671417, 1, 11.927718785009347, 503, 847306,                                             847306, 9.863128662109375, 169.84410095214844
1245, 1907.7483784556389, 1, 9.725178977940232, 408, 847714,                                             847714, 11.308030128479004, 167.3063201904297
1246, 1673.8015955984592, 1, 16.368481909041293, 683, 848397,                                             848397, 10.403515815734863, 169.63189697265625
1247, 1514.3533772230148, 1, 12.32968164992053, 510, 848907,                                             848907, 10.623537063598633, 169.24676513671875
1248, 2064.5722228586674, 1, 7.747797835036181, 335, 849242,                                             849242, 9.71449089050293, 169.64952087402344
1249, 2172.7012344896793, 1, 8.117923149024136, 337, 849579,                                             849579, 11.243213653564453, 167.11334228515625
1250, 1463.3338552564383, 1, 17.169743200065568, 709, 850288,                                             850288, 11.090622901916504, 168.36204528808594
1251, 1881.6536649763584, 1, 10.97230910800863, 460, 850748,                                             850748, 11.285284996032715, 168.19744873046875
1252, 1721.5053577423096, 1, 11.746151449973695, 489, 851237,                                             851237, 9.09453010559082, 168.5087432861328
1253, 1663.8528756797314, 1, 10.52535826805979, 437, 851674,                                             851674, 10.606751441955566, 169.32643127441406
1254, 1494.8115061223507, 1, 15.563429504982196, 647, 852321,                                             852321, 9.946992874145508, 167.6355438232422
1255, 1500.8775815665722, 1, 15.739602976012975, 648, 852969,                                             852969, 10.04458999633789, 166.6944122314453
1256, 1482.6273176372051, 1, 11.356598335900344, 468, 853437,                                             853437, 9.341015815734863, 168.62701416015625
1257, 1849.1294273138046, 1, 9.123640210018493, 366, 853803,                                             853803, 9.543845176696777, 168.07586669921875
1258, 1601.4682306945324, 1, 14.55926230805926, 609, 854412,                                             854412, 12.071404457092285, 167.6647491455078
1259, 1652.6236533522606, 1, 13.730127947987057, 555, 854967,                                             854967, 9.650279998779297, 167.85455322265625
1260, 1535.3155365884304, 1, 12.5526616940042, 523, 855490,                                             855490, 10.290254592895508, 167.79019165039062
1261, 1564.4414452910423, 1, 10.749771439936012, 443, 855933,                                             855933, 11.315749168395996, 168.60011291503906
1262, 1776.920560568571, 1, 9.724799284012988, 396, 856329,                                             856329, 10.551396369934082, 168.9009246826172
1263, 1637.2975107431412, 1, 13.134110892075114, 533, 856862,                                             856862, 11.034512519836426, 168.64227294921875
1264, 1666.7423822581768, 1, 13.535007045022212, 554, 857416,                                             857416, 8.622099876403809, 167.45875549316406
1265, 1586.6107963323593, 1, 10.550972172990441, 441, 857857,                                             857857, 10.799020767211914, 168.0351104736328
1266, 1603.7970684170723, 1, 10.725220859982073, 446, 858303,                                             858303, 9.759913444519043, 166.81922912597656
1267, 1708.7917057573795, 1, 13.565179756027646, 575, 858878,                                             858878, 9.410504341125488, 170.6111602783203
1268, 1774.4170942902565, 1, 9.524105636985041, 379, 859257,                                             859257, 10.623247146606445, 170.51385498046875
1269, 2152.4589686095715, 1, 7.5430370540125296, 312, 859569,                                             859569, 10.154459953308105, 168.32156372070312
1270, 1806.673278361559, 1, 9.723076186957769, 377, 859946,                                             859946, 8.751453399658203, 168.03091430664062
1271, 2002.0280770361423, 1, 9.75970876798965, 397, 860343,                                             860343, 10.304769515991211, 167.1771697998047
1272, 1507.485369116068, 1, 15.539193833945319, 645, 860988,                                             860988, 10.047632217407227, 168.78326416015625
1273, 1722.2795486152172, 1, 11.934722136007622, 498, 861486,                                             861486, 11.295762062072754, 168.25462341308594
1274, 1760.3832952678204, 1, 15.163293701014481, 632, 862118,                                             862118, 9.622075080871582, 167.6341552734375
1275, 1938.6482864022255, 1, 10.724642597022466, 435, 862553,                                             862553, 10.402094841003418, 168.1017303466797
1276, 1995.9226951003075, 1, 8.737764867953956, 358, 862911,                                             862911, 10.661563873291016, 166.0211639404297
1277, 1931.3068620860577, 1, 12.93151406396646, 522, 863433,                                             863433, 9.385072708129883, 168.58949279785156
1278, 1451.9429227113724, 1, 14.360981022007763, 625, 864058,                                             864058, 10.263916015625, 167.62869262695312
1279, 1652.9524949789047, 1, 12.731942749000154, 513, 864571,                                             864571, 11.223020553588867, 167.86328125
1280, 1748.4063019156456, 1, 9.728464866057038, 390, 864961,                                             864961, 9.615869522094727, 169.5562744140625
1281, 2113.4257516264915, 1, 10.727891937014647, 436, 865397,                                             865397, 11.375849723815918, 167.7373504638672
1282, 1766.359988719225, 1, 12.529399849008769, 502, 865899,                                             865899, 11.127241134643555, 167.53094482421875
1283, 1666.9524245262146, 1, 10.54696080996655, 460, 866359,                                             866359, 10.239287376403809, 167.3616943359375
1284, 1498.3020464777946, 1, 14.731662387959659, 617, 866976,                                             866976, 9.01030158996582, 168.33108520507812
1285, 2098.090141117573, 1, 7.347462689038366, 297, 867273,                                             867273, 10.696931838989258, 165.82766723632812
1286, 1730.9433952867985, 1, 10.53103336400818, 419, 867692,                                             867692, 10.22111988067627, 168.45382690429688
1287, 1918.440426081419, 1, 8.744004951091483, 349, 868041,                                             868041, 10.855611801147461, 166.4481964111328
1288, 1423.526976197958, 1, 16.74389721103944, 676, 868717,                                             868717, 9.579580307006836, 168.6765899658203
1289, 1799.197932600975, 1, 10.327369907987304, 434, 869151,                                             869151, 10.739989280700684, 166.48207092285156
1290, 2142.3947824835777, 1, 7.345336235011928, 312, 869463,                                             869463, 9.697978019714355, 167.4610137939453
1291, 1815.7334849834442, 1, 13.358660454046912, 558, 870021,                                             870021, 11.040299415588379, 165.43701171875
1292, 1872.993707537651, 1, 11.557658863952383, 467, 870488,                                             870488, 10.053150177001953, 167.24253845214844
1293, 1937.2323627471924, 1, 9.745578062953427, 418, 870906,                                             870906, 9.8603515625, 167.9830780029297
1294, 2006.9482806921005, 1, 9.528087708982639, 381, 871287,                                             871287, 10.048078536987305, 166.2822723388672
1295, 2061.106463074684, 1, 8.118402875959873, 334, 871621,                                             871621, 10.129609107971191, 166.5150146484375
1296, 1605.452933654189, 1, 15.95896828302648, 669, 872290,                                             872290, 10.121808052062988, 168.18040466308594
1297, 1394.1439798623323, 1, 17.939980520983227, 732, 873022,                                             873022, 10.53175163269043, 166.05648803710938
1298, 1829.7735347747803, 1, 11.763439179980196, 488, 873510,                                             873510, 10.63203239440918, 166.25668334960938
1299, 2002.9995066523552, 1, 8.721205377019942, 355, 873865,                                             873865, 11.95492935180664, 165.94503784179688
1300, 1924.6096047461033, 1, 9.725887591950595, 387, 874252,                                             874252, 11.29982852935791, 166.96226501464844
1301, 1772.8290213942528, 1, 10.58093034196645, 428, 874680,                                             874680, 10.71323299407959, 167.68125915527344
1302, 1856.6051245331764, 1, 8.92332700791303, 377, 875057,                                             875057, 10.762663841247559, 168.98240661621094
1303, 1751.0859856158495, 1, 10.95137452497147, 465, 875522,                                             875522, 9.5548734664917, 167.59739685058594
1304, 1922.8737317323685, 1, 8.724237081012689, 355, 875877,                                             875877, 11.072188377380371, 166.8080596923828
1305, 1528.014725357294, 1, 14.76171155308839, 625, 876502,                                             876502, 9.716949462890625, 167.52023315429688
1306, 1557.5403492450714, 1, 13.336289254948497, 550, 877052,                                             877052, 8.751465797424316, 166.85525512695312
1307, 1780.5349077880383, 1, 11.930671028094366, 480, 877532,                                             877532, 10.537839889526367, 166.0072479248047
1308, 1407.835442662239, 1, 16.741673544980586, 695, 878227,                                             878227, 10.383040428161621, 165.87362670898438
1309, 1674.0501223802567, 1, 11.129901927080937, 474, 878701,                                             878701, 11.684429168701172, 166.41940307617188
1310, 1731.2677303552628, 1, 12.754987588967197, 522, 879223,                                             879223, 10.487493515014648, 166.05697631835938
1311, 1322.3874780535698, 1, 18.05146776593756, 766, 879989,                                             879989, 10.3922119140625, 165.64390563964844
1312, 1643.2831961810589, 1, 13.33629663393367, 544, 880533,                                             880533, 10.960810661315918, 167.17117309570312
1313, 1761.9119077920914, 1, 12.756715980009176, 540, 881073,                                             881073, 9.476234436035156, 166.75967407226562
1314, 1987.9695354104042, 1, 7.520945859956555, 315, 881388,                                             881388, 10.316311836242676, 165.41946411132812
1315, 2056.932273596525, 1, 10.149859246099368, 421, 881809,                                             881809, 10.072498321533203, 166.67135620117188
1316, 1762.8935914933681, 1, 12.328664297005162, 495, 882304,                                             882304, 11.492515563964844, 166.65701293945312
1317, 1798.196218520403, 1, 12.763850357034244, 540, 882844,                                             882844, 12.344080924987793, 167.21258544921875
1318, 1396.3917500972748, 1, 15.538854000973515, 646, 883490,                                             883490, 10.961161613464355, 165.41415405273438
1319, 1590.2588351368904, 1, 14.56071875197813, 583, 884073,                                             884073, 11.399724006652832, 165.18589782714844
1320, 1831.2093012332916, 1, 11.124964316026308, 426, 884499,                                             884499, 9.021411895751953, 165.52992248535156
1321, 1658.250207811594, 1, 12.816227890085429, 491, 884990,                                             884990, 9.938186645507812, 165.74407958984375
1322, 1825.473053574562, 1, 11.3637388239149, 440, 885430,                                             885430, 9.701071739196777, 166.8895263671875
1323, 1675.494277998805, 1, 15.34120300388895, 606, 886036,                                             886036, 10.833792686462402, 166.4939422607422
1324, 1748.4446305632591, 1, 10.55214235803578, 420, 886456,                                             886456, 11.430585861206055, 164.6354522705078
1325, 2039.7554286122322, 1, 10.724142812076025, 412, 886868,                                             886868, 11.96591854095459, 166.32640075683594
1326, 1576.7304170429707, 1, 14.35919119801838, 561, 887429,                                             887429, 9.599105834960938, 165.57818603515625
1327, 1445.7620835900307, 1, 18.545236089034006, 729, 888158,                                             888158, 10.504508018493652, 166.55970764160156
1328, 1591.5565868020058, 1, 13.767658600001596, 544, 888702,                                             888702, 10.399347305297852, 165.45619201660156
1329, 1788.6114280968904, 1, 12.135409855982289, 487, 889189,                                             889189, 10.633650779724121, 167.09686279296875
1330, 1732.7319452166557, 1, 12.356696579023264, 503, 889692,                                             889692, 9.892786026000977, 164.72799682617188
1331, 1642.3991677463055, 1, 12.777616808074526, 501, 890193,                                             890193, 10.105823516845703, 166.6512908935547
1332, 1650.2490253299475, 1, 12.93673396203667, 501, 890694,                                             890694, 9.94482135772705, 165.8998260498047
1333, 1691.619006484747, 1, 12.134635809925385, 468, 891162,                                             891162, 10.017129898071289, 166.0018768310547
1334, 2130.463067829609, 1, 6.7327240409795195, 261, 891423,                                             891423, 9.896512031555176, 165.19374084472656
1335, 1858.1126035749912, 1, 10.726559721981175, 414, 891837,                                             891837, 10.901690483093262, 165.11489868164062
1336, 1828.439518213272, 1, 8.521396792959422, 327, 892164,                                             892164, 10.253674507141113, 165.2095947265625
1337, 1832.3743557333946, 1, 8.346677872934379, 322, 892486,                                             892486, 9.388346672058105, 164.37632751464844
1338, 1934.5510025024414, 1, 8.723495731013827, 338, 892824,                                             892824, 9.237685203552246, 166.35362243652344
1339, 1564.9671781659126, 1, 13.735284819966182, 539, 893363,                                             893363, 10.121740341186523, 164.37159729003906
1340, 1889.7703783512115, 1, 11.555025283014402, 459, 893822,                                             893822, 10.681015968322754, 165.9451446533203
1341, 1804.206087589264, 1, 14.7613075140398, 570, 894392,                                             894392, 9.657280921936035, 165.083251953125
1342, 1834.9259052276611, 1, 13.964666944928467, 550, 894942,                                             894942, 10.754181861877441, 164.88694763183594
1343, 1521.6374416053295, 1, 16.74127145006787, 667, 895609,                                             895609, 9.201372146606445, 163.95176696777344
1344, 1598.312103331089, 1, 11.329502089996822, 479, 896088,                                             896088, 9.730226516723633, 163.28172302246094
1345, 1754.6390390992165, 1, 9.724454335984774, 415, 896503,                                             896503, 8.921636581420898, 164.8917236328125
1346, 1634.2383366823196, 1, 13.13346469507087, 559, 897062,                                             897062, 10.198810577392578, 165.59912109375
1347, 1609.9580294787884, 1, 12.330230635008775, 533, 897595,                                             897595, 9.36064624786377, 165.39027404785156
1348, 1790.0904337763786, 1, 10.528942112927325, 436, 898031,                                             898031, 9.746543884277344, 165.90390014648438
1349, 1786.807197675109, 1, 11.547431282000616, 494, 898525,                                             898525, 10.722732543945312, 164.4408416748047
1350, 1602.4605094343424, 1, 15.130697402055375, 649, 899174,                                             899174, 10.644311904907227, 164.58753967285156
1351, 1919.1325580477715, 1, 8.976462436956353, 391, 899565,                                             899565, 10.21299934387207, 164.8126220703125
1352, 1711.143148958683, 1, 14.736722977948375, 590, 900155,                                             900155, 10.347125053405762, 165.9139404296875
1353, 1545.168642282486, 1, 11.543753714999184, 514, 900669,                                             900669, 10.859922409057617, 165.11572265625
1354, 1554.4802496433258, 1, 13.134054346010089, 526, 901195,                                             901195, 10.714447021484375, 164.76925659179688
1355, 1647.411633491516, 1, 11.52804920100607, 454, 901649,                                             901649, 9.150980949401855, 165.21875
1356, 1909.970372080803, 1, 7.3197602439904585, 304, 901953,                                             901953, 9.260668754577637, 166.52166748046875
1357, 1914.2318394184113, 1, 10.727660916978493, 458, 902411,                                             902411, 10.760125160217285, 163.34901428222656
1358, 1448.2767037451267, 1, 14.73023251304403, 652, 903063,                                             903063, 10.857712745666504, 164.04957580566406
1359, 1961.398180425167, 1, 7.55005047400482, 326, 903389,                                             903389, 9.183417320251465, 163.33811950683594
1360, 1818.6860775649548, 1, 11.522394008934498, 498, 903887,                                             903887, 11.230751991271973, 163.93910217285156
1361, 1566.6975024789572, 1, 12.553434785921127, 564, 904451,                                             904451, 10.925548553466797, 165.45315551757812
1362, 1605.8613547086716, 1, 13.130372978979722, 569, 905020,                                             905020, 9.880779266357422, 165.26071166992188
1363, 1397.0944039225578, 1, 15.767838248983026, 679, 905699,                                             905699, 10.916645050048828, 164.1151885986328
1364, 1833.8589612841606, 1, 8.922820200910792, 378, 906077,                                             906077, 10.096772193908691, 163.20370483398438
1365, 1579.8971410691738, 1, 11.926913836039603, 501, 906578,                                             906578, 10.120559692382812, 165.18511962890625
1366, 1830.1338134407997, 1, 13.361525901942514, 570, 907148,                                             907148, 10.438360214233398, 164.9316864013672
1367, 1691.02660125494, 1, 11.324267499963753, 471, 907619,                                             907619, 8.85842514038086, 164.98843383789062
1368, 1699.7762789279222, 1, 15.756920465966687, 669, 908288,                                             908288, 9.704177856445312, 164.28729248046875
1369, 1598.268315806985, 1, 13.52919450798072, 577, 908865,                                             908865, 8.57174015045166, 164.05064392089844
1370, 2006.1652356982231, 1, 7.7418894179863855, 342, 909207,                                             909207, 9.89610481262207, 162.97744750976562
1371, 1530.0591855347157, 1, 13.12185474706348, 535, 909742,                                             909742, 9.942471504211426, 163.88978576660156
1372, 1592.5153952687979, 1, 15.143264211015776, 628, 910370,                                             910370, 10.940293312072754, 164.83453369140625
1373, 1623.6664393246174, 1, 13.157681070035324, 566, 910936,                                             910936, 11.475469589233398, 162.6980743408203
1374, 1780.5056917965412, 1, 12.13350391201675, 499, 911435,                                             911435, 9.620905876159668, 165.09767150878906
1375, 2019.150330543518, 1, 9.525516427005641, 372, 911807,                                             911807, 11.280596733093262, 164.03106689453125
1376, 1631.514515131712, 1, 14.160601122071967, 580, 912387,                                             912387, 9.576714515686035, 164.10494995117188
1377, 1661.7149587869644, 1, 12.326116210082546, 537, 912924,                                             912924, 10.745576858520508, 162.7235870361328
1378, 1741.287263005972, 1, 11.757910795975477, 501, 913425,                                             913425, 10.914520263671875, 162.6744384765625
1379, 1811.8678862452507, 1, 9.919829949038103, 416, 913841,                                             913841, 10.48095703125, 163.05331420898438
1380, 1390.953863710165, 1, 18.14335781603586, 764, 914605,                                             914605, 10.507186889648438, 165.0817413330078
1381, 1501.1833530664444, 1, 14.129308397998102, 610, 915215,                                             915215, 10.090585708618164, 164.20579528808594
1382, 2078.845171749592, 1, 7.313576122978702, 312, 915527,                                             915527, 12.453850746154785, 163.7376251220703
1383, 1706.2933415472507, 1, 11.362227539066225, 457, 915984,                                             915984, 12.256499290466309, 163.6598358154297
1384, 1950.5783670544624, 1, 11.129305690992624, 456, 916440,                                             916440, 10.249258041381836, 165.728515625
1385, 1501.4911116361618, 1, 13.559609220013954, 584, 917024,                                             917024, 10.966156005859375, 164.17442321777344
1386, 1940.9037538170815, 1, 9.72053109598346, 415, 917439,                                             917439, 10.278899192810059, 162.7747039794922
1387, 1555.3432777822018, 1, 14.76067447301466, 652, 918091,                                             918091, 11.014519691467285, 162.7953338623047
1388, 1750.9759806990623, 1, 9.517667597043328, 407, 918498,                                             918498, 8.0348482131958, 163.04481506347656
1389, 2042.7127429246902, 1, 8.73671715601813, 380, 918878,                                             918878, 10.83535385131836, 161.28599548339844
1390, 1720.180018544197, 1, 10.122253758017905, 444, 919322,                                             919322, 10.34653091430664, 163.4317169189453
1391, 1640.6332502961159, 1, 10.461943153990433, 427, 919749,                                             919749, 9.01350212097168, 162.73822021484375
1392, 1606.8845155835152, 1, 13.558025966980495, 602, 920351,                                             920351, 9.756364822387695, 164.1247100830078
1393, 1433.0540798604488, 1, 13.931976817082614, 613, 920964,                                             920964, 11.078889846801758, 163.50233459472656
1394, 1395.7435246109962, 1, 15.157747711986303, 661, 921625,                                             921625, 11.43802547454834, 163.48585510253906
1395, 1812.5034051835537, 1, 11.129513027030043, 485, 922110,                                             922110, 9.261160850524902, 164.49264526367188
1396, 1818.2626069784164, 1, 8.5491931369761, 362, 922472,                                             922472, 10.914952278137207, 164.35926818847656
1397, 1543.5249148607254, 1, 13.130964329000562, 569, 923041,                                             923041, 12.05180549621582, 163.68687438964844
1398, 1270.767707541585, 1, 19.574368505971506, 839, 923880,                                             923880, 10.484274864196777, 164.15293884277344
1399, 1776.238774806261, 1, 10.726493912981823, 460, 924340,                                             924340, 10.23751449584961, 162.5040283203125
1400, 2006.5588359236717, 1, 8.548557659960352, 371, 924711,                                             924711, 10.246305465698242, 163.14483642578125
1401, 1985.322190284729, 1, 8.667907561990432, 333, 925044,                                             925044, 11.831825256347656, 164.17575073242188
1402, 1624.9165507853031, 1, 13.5553684780607, 580, 925624,                                             925624, 9.562095642089844, 163.1182861328125
1403, 1741.2125831842422, 1, 13.331909095984884, 572, 926196,                                             926196, 10.210363388061523, 164.21778869628906
1404, 1361.7720989882946, 1, 13.929027699981816, 619, 926815,                                             926815, 10.698532104492188, 164.16311645507812
1405, 1902.5377722084522, 1, 9.145603973069228, 399, 927214,                                             927214, 8.806581497192383, 164.69097900390625
1406, 1647.033099025488, 1, 16.33484744199086, 688, 927902,                                             927902, 10.62341022491455, 162.1659698486328
1407, 1594.9051183462143, 1, 11.360151678090915, 503, 928405,                                             928405, 9.203703880310059, 162.46522521972656
1408, 1566.7460978627205, 1, 10.324732842040248, 452, 928857,                                             928857, 9.955552101135254, 163.33016967773438
1409, 1406.2268394827843, 1, 15.166290584020317, 670, 929527,                                             929527, 10.938608169555664, 164.16983032226562
1410, 1583.9759749472141, 1, 11.346972486935556, 504, 930031,                                             930031, 11.008112907409668, 163.52784729003906
1411, 1693.7218235731125, 1, 9.812138242064975, 431, 930462,                                             930462, 10.899345397949219, 163.56298828125
1412, 1826.3604397773743, 1, 8.541605185950175, 351, 930813,                                             930813, 10.539228439331055, 163.79830932617188
1413, 2140.8282192647457, 1, 8.720500310999341, 379, 931192,                                             931192, 10.255611419677734, 161.89581298828125
1414, 1475.4562939107418, 1, 13.16485022206325, 557, 931749,                                             931749, 11.101072311401367, 162.55665588378906
1415, 1852.520631045103, 1, 9.121332683018409, 386, 932135,                                             932135, 12.251768112182617, 164.3813018798828
1416, 1720.9067009091377, 1, 11.529653795994818, 480, 932615,                                             932615, 10.224153518676758, 162.65713500976562
1417, 2032.7040963470936, 1, 9.74836992600467, 410, 933025,                                             933025, 10.400834083557129, 163.7265625
1418, 1608.0911111533642, 1, 15.53890738391783, 660, 933685,                                             933685, 10.536279678344727, 163.0004425048828
1419, 1556.4390315562487, 1, 14.537491912953556, 602, 934287,                                             934287, 10.821843147277832, 163.81764221191406
1420, 1752.4226293563843, 1, 10.141894077998586, 430, 934717,                                             934717, 9.159525871276855, 164.40647888183594
1421, 1770.1676903665066, 1, 9.573034151922911, 383, 935100,                                             935100, 10.085539817810059, 161.9480438232422
1422, 1621.610988855362, 1, 13.937254071934149, 536, 935636,                                             935636, 12.046443939208984, 163.21376037597656
1423, 1455.4675057977438, 1, 15.938023942988366, 672, 936308,                                             936308, 11.323060989379883, 163.0931396484375
1424, 1753.8864824473858, 1, 10.947098170989193, 420, 936728,                                             936728, 10.725404739379883, 162.6994171142578
1425, 2021.9540597200394, 1, 7.918067225953564, 346, 937074,                                             937074, 10.720303535461426, 161.89710998535156
1426, 1691.0469701588154, 1, 9.525705424020998, 411, 937485,                                             937485, 11.008320808410645, 162.6865997314453
1427, 1586.0780918896198, 1, 11.95635261805728, 513, 937998,                                             937998, 10.800349235534668, 162.961181640625
1428, 1323.1058133989573, 1, 16.742854307987727, 743, 938741,                                             938741, 10.99232292175293, 162.70091247558594
1429, 1875.7906455397606, 1, 10.32861372095067, 428, 939169,                                             939169, 11.455879211425781, 163.4721221923828
1430, 1941.7244329452515, 1, 9.352991082938388, 376, 939545,                                             939545, 9.423991203308105, 162.17904663085938
1431, 1700.9085516631603, 1, 10.5696693030186, 458, 940003,                                             940003, 10.830178260803223, 162.10585021972656
1432, 1422.956622570753, 1, 11.949915654957294, 528, 940531,                                             940531, 11.36618709564209, 160.91700744628906
1433, 2080.298740208149, 1, 8.513213460915722, 365, 940896,                                             940896, 9.184514999389648, 163.17123413085938
1434, 1801.2232115864754, 1, 10.952460272004828, 485, 941381,                                             941381, 10.951067924499512, 162.9888153076172
1435, 1913.5017563402653, 1, 9.118655090918764, 398, 941779,                                             941779, 9.857616424560547, 163.0928497314453
1436, 2201.0130373835564, 1, 7.518154101097025, 321, 942100,                                             942100, 9.99951171875, 162.3187713623047
1437, 1837.406275331974, 1, 9.742607334046625, 405, 942505,                                             942505, 9.75042724609375, 163.25506591796875
1438, 1655.607399225235, 1, 14.931105140945874, 607, 943112,                                             943112, 10.709574699401855, 162.215087890625
1439, 1574.2521459013224, 1, 14.540803469950333, 609, 943721,                                             943721, 10.158391952514648, 164.161865234375
1440, 1710.5448471307755, 1, 14.151098084053956, 580, 944301,                                             944301, 9.316469192504883, 162.21109008789062
1441, 1626.7987679988146, 1, 14.127088707056828, 615, 944916,                                             944916, 10.716666221618652, 162.31063842773438
1442, 1724.5532967448235, 1, 11.950418611988425, 525, 945441,                                             945441, 11.729393005371094, 162.97813415527344
1443, 1675.3816296309233, 1, 11.527842710027471, 485, 945926,                                             945926, 10.101656913757324, 162.1386260986328
1444, 1717.6414636671543, 1, 11.329469662043266, 470, 946396,                                             946396, 9.936821937561035, 161.73072814941406
1445, 2002.5652558505535, 1, 9.125848694937304, 365, 946761,                                             946761, 10.869967460632324, 161.92494201660156
1446, 1491.4842049181461, 1, 13.733908232999966, 576, 947337,                                             947337, 9.922785758972168, 163.7986297607422
1447, 2094.0390190780163, 1, 7.545044646016322, 331, 947668,                                             947668, 10.589973449707031, 159.36700439453125
1448, 1233.5464499890804, 1, 19.349830609979108, 829, 948497,                                             948497, 10.426426887512207, 162.64990234375
1449, 1560.5414236932993, 1, 14.159082249971107, 625, 949122,                                             949122, 10.642641067504883, 162.3822021484375
1450, 1864.797716319561, 1, 9.920171453035437, 425, 949547,                                             949547, 8.891985893249512, 163.54071044921875
1451, 1869.4189728796482, 1, 8.962261336972006, 386, 949933,                                             949933, 10.794506072998047, 159.63064575195312
1452, 1724.0225778520107, 1, 10.72275960596744, 469, 950402,                                             950402, 10.801447868347168, 162.43679809570312
1453, 1675.3249459266663, 1, 10.950705466093495, 485, 950887,                                             950887, 8.926600456237793, 161.43125915527344
1454, 1662.5508583635092, 1, 10.925676397047937, 466, 951353,                                             951353, 11.305198669433594, 162.75021362304688
1455, 1659.08262231946, 1, 10.745801387005486, 473, 951826,                                             951826, 10.782514572143555, 161.8831787109375
1456, 1764.0588211119175, 1, 8.92338044301141, 365, 952191,                                             952191, 11.56591510772705, 161.1558074951172
1457, 1620.2794961035252, 1, 10.952485108980909, 470, 952661,                                             952661, 11.70421314239502, 161.0806121826172
1458, 1587.6554573178291, 1, 11.728855462977663, 495, 953156,                                             953156, 10.905941009521484, 161.62313842773438
1459, 1629.3701602965593, 1, 14.130778850987554, 618, 953774,                                             953774, 10.007413864135742, 164.11212158203125
1460, 1588.7119933068752, 1, 12.130689056008123, 508, 954282,                                             954282, 10.056279182434082, 161.07705688476562
1461, 1698.4024863094091, 1, 13.907648656051606, 592, 954874,                                             954874, 10.140572547912598, 162.5947265625
1462, 1615.237358868122, 1, 13.335725521086715, 568, 955442,                                             955442, 11.313132286071777, 161.70591735839844
1463, 1786.9562604129314, 1, 9.55108765908517, 420, 955862,                                             955862, 11.604557991027832, 162.63099670410156
1464, 1713.9755718111992, 1, 10.520137978019193, 453, 956315,                                             956315, 9.75522232055664, 161.6403350830078
1465, 1596.7607983350754, 1, 12.748222984955646, 560, 956875,                                             956875, 11.112652778625488, 162.54244995117188
1466, 1789.3852453678846, 1, 12.333330804016441, 509, 957384,                                             957384, 10.540199279785156, 160.61289978027344
1467, 1588.4473398327827, 1, 12.756522246985696, 556, 957940,                                             957940, 9.98275375366211, 162.39419555664062
1468, 1462.2017883360386, 1, 13.327272151014768, 581, 958521,                                             958521, 10.233214378356934, 160.81826782226562
1469, 1496.9036459326744, 1, 12.528880155994557, 539, 959060,                                             959060, 10.833280563354492, 162.46311950683594
1470, 1811.4096966981888, 1, 13.532432215986773, 579, 959639,                                             959639, 10.402305603027344, 163.1793212890625
1471, 1586.8084493279457, 1, 11.724994926946238, 519, 960158,                                             960158, 9.892997741699219, 162.17970275878906
1472, 1542.577679991722, 1, 10.919390890048817, 468, 960626,                                             960626, 11.587332725524902, 161.53689575195312
1473, 1615.1583015322685, 1, 10.553957060910761, 458, 961084,                                             961084, 10.345829010009766, 161.37481689453125
1474, 1613.4144322276115, 1, 13.528917218907736, 551, 961635,                                             961635, 10.959122657775879, 160.91893005371094
1475, 1359.49904230237, 1, 17.742670875974, 745, 962380,                                             962380, 10.536561012268066, 161.9080047607422
1476, 1431.805889338255, 1, 15.53808254597243, 641, 963021,                                             963021, 10.621167182922363, 161.4517822265625
1477, 1679.5005721747875, 1, 12.552926270989701, 555, 963576,                                             963576, 10.749238967895508, 162.86441040039062
1478, 1936.209779560566, 1, 7.715212110080756, 325, 963901,                                             963901, 11.541007041931152, 160.94869995117188
1479, 1934.8975966572762, 1, 9.950483795022592, 437, 964338,                                             964338, 9.64242172241211, 160.76791381835938
1480, 2105.2370610535145, 1, 7.720649159047753, 330, 964668,                                             964668, 10.760120391845703, 161.70294189453125
1481, 1789.8237161636353, 1, 10.461003770004027, 444, 965112,                                             965112, 10.555798530578613, 160.84194946289062
1482, 1922.1112446784973, 1, 8.949686229927465, 391, 965503,                                             965503, 10.833442687988281, 161.54185485839844
1483, 1361.7852942049503, 1, 17.9429056920344, 750, 966253,                                             966253, 10.647372245788574, 160.25146484375
1484, 1609.3106495141983, 1, 10.549184336909093, 441, 966694,                                             966694, 10.84660530090332, 162.35728454589844
1485, 2158.7086186110973, 1, 7.722646328969859, 327, 967021,                                             967021, 12.052196502685547, 161.91030883789062
1486, 1718.243148893118, 1, 13.560510743991472, 560, 967581,                                             967581, 10.830531120300293, 161.65206909179688
1487, 1699.8738518804312, 1, 12.928769393009134, 560, 968141,                                             968141, 12.278965950012207, 161.547607421875
1488, 1562.002501219511, 1, 11.750761891016737, 521, 968662,                                             968662, 10.4346342086792, 158.98672485351562
1489, 1793.9453082978725, 1, 13.731659041019157, 579, 969241,                                             969241, 10.9397554397583, 160.31243896484375
1490, 1525.5498630404472, 1, 14.361629705061205, 594, 969835,                                             969835, 11.378057479858398, 161.66586303710938
1491, 1659.4127096235752, 1, 12.229936592979357, 519, 970354,                                             970354, 11.153138160705566, 161.6060028076172
1492, 1622.1571453213692, 1, 10.753295509959571, 456, 970810,                                             970810, 10.60738754272461, 160.33653259277344
1493, 1694.7340659350157, 1, 13.356482185074128, 584, 971394,                                             971394, 10.487207412719727, 161.12576293945312
1494, 1844.651861667633, 1, 10.323652131017298, 441, 971835,                                             971835, 11.35535717010498, 160.7566680908203
1495, 1878.2254266142845, 1, 12.35734892799519, 536, 972371,                                             972371, 10.463094711303711, 160.35107421875
1496, 1655.2537122368813, 1, 13.930625089094974, 601, 972972,                                             972972, 10.044689178466797, 161.5105743408203
1497, 1808.2574041485786, 1, 9.940084795933217, 427, 973399,                                             973399, 9.516532897949219, 160.14378356933594
1498, 1521.660432845354, 1, 12.735278515028767, 531, 973930,                                             973930, 9.304609298706055, 160.9969482421875
1499, 1447.3240027427673, 1, 16.738597100018524, 718, 974648,                                             974648, 9.51085376739502, 160.67391967773438
1500, 1627.678030192852, 1, 11.551130520994775, 500, 975148,                                             975148, 9.728981971740723, 159.87416076660156
1501, 1940.4239466786385, 1, 10.89319519000128, 457, 975605,                                             975605, 12.311186790466309, 161.0912322998047
1502, 1252.363655269146, 1, 17.17011172999628, 750, 976355,                                             976355, 10.178970336914062, 160.25198364257812
1503, 1991.2978097498417, 1, 7.516536941984668, 302, 976657,                                             976657, 10.83963394165039, 160.11300659179688
1504, 1905.3496797084808, 1, 11.752652700990438, 493, 977150,                                             977150, 9.461063385009766, 160.53564453125
1505, 1653.0929192900658, 1, 13.32878126599826, 566, 977716,                                             977716, 10.96532154083252, 162.52938842773438
1506, 1921.2926066815853, 1, 9.522553500952199, 411, 978127,                                             978127, 9.7909517288208, 161.4761199951172
1507, 1512.9331186413765, 1, 15.535962217021734, 679, 978806,                                             978806, 10.62995719909668, 161.4368896484375
1508, 1803.2158768177032, 1, 8.517789399018511, 357, 979163,                                             979163, 11.050524711608887, 158.3498077392578
1509, 2042.3742969930172, 1, 10.529518886003643, 438, 979601,                                             979601, 11.069706916809082, 160.31607055664062
1510, 1646.2135662734509, 1, 12.928852699929848, 521, 980122,                                             980122, 10.382136344909668, 158.72467041015625
1511, 1938.703803062439, 1, 11.598509366973303, 496, 980618,                                             980618, 10.614404678344727, 159.6923065185547
1512, 1614.5666190087795, 1, 12.332800748059526, 512, 981130,                                             981130, 11.057141304016113, 159.29397583007812
1513, 1754.0315822064877, 1, 10.727749223005958, 464, 981594,                                             981594, 12.127750396728516, 160.36517333984375
1514, 1685.5378504693508, 1, 9.744157499982975, 419, 982013,                                             982013, 11.261551856994629, 161.4593505859375
1515, 2004.6235346496105, 1, 10.12515184795484, 429, 982442,                                             982442, 10.375775337219238, 160.49307250976562
1516, 1685.7188447117805, 1, 11.926093404996209, 503, 982945,                                             982945, 9.097738265991211, 159.88265991210938
1517, 1698.1458684802055, 1, 12.150763286976144, 505, 983450,                                             983450, 10.91097640991211, 158.7901611328125
1518, 1947.7871265113354, 1, 7.51266566303093, 297, 983747,                                             983747, 9.984380722045898, 160.65538024902344
1519, 1981.9374785125256, 1, 12.353545329067856, 532, 984279,                                             984279, 10.530599594116211, 159.5322723388672
1520, 1637.4499062001705, 1, 13.526915114023723, 566, 984845,                                             984845, 10.373483657836914, 161.54400634765625
1521, 1856.1294743716717, 1, 9.58080653694924, 420, 985265,                                             985265, 9.145161628723145, 159.72589111328125
1522, 1851.8814860582352, 1, 8.519989239051938, 355, 985620,                                             985620, 11.544925689697266, 160.82489013671875
1523, 1720.6250236928463, 1, 12.554374351981096, 530, 986150,                                             986150, 10.966740608215332, 160.176025390625
1524, 1781.2317673563957, 1, 9.123309639981017, 386, 986536,                                             986536, 11.401185035705566, 158.60609436035156
1525, 1845.361445993185, 1, 10.723364638048224, 451, 986987,                                             986987, 11.141114234924316, 160.3045654296875
1526, 1749.7089484930038, 1, 10.357631842955016, 442, 987429,                                             987429, 11.01036548614502, 160.520751953125
1527, 1690.0898759663105, 1, 12.730776094016619, 546, 987975,                                             987975, 10.775476455688477, 158.94949340820312
1528, 1820.869387626648, 1, 9.752837884007022, 408, 988383,                                             988383, 8.943794250488281, 158.81927490234375
1529, 2100.95499676466, 1, 7.317546830046922, 289, 988672,                                             988672, 11.793904304504395, 160.33660888671875
1530, 1971.8503602147102, 1, 10.131361872074194, 412, 989084,                                             989084, 12.058022499084473, 160.2077178955078
1531, 1540.7850907742977, 1, 12.520752710057423, 527, 989611,                                             989611, 10.375988006591797, 160.46902465820312
1532, 1637.8592452704906, 1, 10.553585884044878, 461, 990072,                                             990072, 11.06064224243164, 158.74049377441406
1533, 1597.670516103506, 1, 14.530063200043514, 619, 990691,                                             990691, 10.163124084472656, 160.1820526123047
1534, 1805.665520787239, 1, 10.122630490921438, 435, 991126,                                             991126, 11.332561492919922, 162.3408966064453
1535, 1966.2003588080406, 1, 12.154831851017661, 513, 991639,                                             991639, 10.73367977142334, 159.77511596679688
1536, 1921.2449083030224, 1, 9.520928784972057, 401, 992040,                                             992040, 10.414593696594238, 158.90594482421875
1537, 1741.569008588791, 1, 12.130022431025282, 513, 992553,                                             992553, 9.786761283874512, 160.45120239257812
1538, 1758.3806253671646, 1, 9.540832116967067, 395, 992948,                                             992948, 11.341635704040527, 159.89273071289062
1539, 2033.6038937568665, 1, 8.718771043000743, 366, 993314,                                             993314, 8.874475479125977, 159.28076171875
1540, 1369.3769409656525, 1, 14.362821999937296, 619, 993933,                                             993933, 11.381988525390625, 160.01927185058594
1541, 1238.6549903154373, 1, 17.482172776944935, 760, 994693,                                             994693, 10.229568481445312, 158.99424743652344
1542, 1791.0989262461662, 1, 9.544572329032235, 381, 995074,                                             995074, 9.14129638671875, 157.90704345703125
1543, 2202.5701455175877, 1, 7.320351829985157, 312, 995386,                                             995386, 9.932196617126465, 159.55877685546875
1544, 1804.3210073411465, 1, 10.153527082060464, 432, 995818,                                             995818, 10.032783508300781, 161.44187927246094
1545, 2011.201683819294, 1, 7.517889586975798, 318, 996136,                                             996136, 10.40917682647705, 158.02378845214844
1546, 1746.1757551431656, 1, 8.743868740042672, 364, 996500,                                             996500, 10.167352676391602, 159.7130889892578
1547, 1081.3339071571827, 1, 18.141681603039615, 771, 997271,                                             997271, 10.337165832519531, 159.1197967529297
1548, 1523.7265195846558, 1, 12.951204490032978, 559, 997830,                                             997830, 9.690619468688965, 160.38331604003906
1549, 1603.5839236676693, 1, 10.516850932035595, 449, 998279,                                             998279, 10.82316780090332, 158.81906127929688
1550, 2034.249679863453, 1, 7.346019714022987, 317, 998596,                                             998596, 10.409317970275879, 159.2078094482422
1551, 2003.0403566658497, 1, 7.241187678067945, 297, 998893,                                             998893, 10.399393081665039, 158.37646484375
1552, 1846.6472634375095, 1, 9.337852717028, 405, 999298,                                             999298, 10.093186378479004, 160.05397033691406
1553, 1800.7192115187645, 1, 10.527869394980371, 451, 999749,                                             999749, 9.677535057067871, 157.905517578125
1554, 1795.1653806716204, 1, 11.54721139697358, 494, 1000243,                                             1000000, 9.816508293151855, 157.11383056640625
1555, 1474.1820749342442, 1, 14.929795504896902, 620, 1000863,                                             1000000, 10.317474365234375, 158.0458984375
1556, 1895.0208942592144, 1, 11.328092340030707, 479, 1001342,                                             1000000, 10.388995170593262, 157.64981079101562
1557, 1538.7490566968918, 1, 11.7520449149888, 513, 1001855,                                             1000000, 11.127654075622559, 158.58258056640625
1558, 1559.3612720668316, 1, 12.939170717028901, 529, 1002384,                                             1000000, 10.216113090515137, 158.67774963378906
1559, 1909.6482000350952, 1, 9.145473858108744, 401, 1002785,                                             1000000, 10.416898727416992, 158.55003356933594
1560, 1602.1154016256332, 1, 14.130024038022384, 613, 1003398,                                             1000000, 11.305506706237793, 157.16860961914062
1561, 1644.1152734160423, 1, 10.67693215305917, 466, 1003864,                                             1000000, 11.37780475616455, 156.77633666992188
1562, 1913.7144928276539, 1, 9.118626832962036, 388, 1004252,                                             1000000, 10.173567771911621, 158.03697204589844
1563, 1361.4690644145012, 1, 15.955461565987207, 685, 1004937,                                             1000000, 10.103119850158691, 158.4602813720703
1564, 1939.5652645528316, 1, 9.324577299994417, 382, 1005319,                                             1000000, 10.56721305847168, 158.18682861328125
1565, 2055.4600818157196, 1, 8.948992805089802, 350, 1005669,                                             1000000, 11.86263370513916, 154.74298095703125
1566, 2031.9907710254192, 1, 9.321313426014967, 401, 1006070,                                             1000000, 11.8123197555542, 154.3813934326172
1567, 1627.1372764110565, 1, 14.166694243904203, 621, 1006691,                                             1000000, 10.542771339416504, 156.4810333251953
1568, 1692.986469656229, 1, 10.722150671994314, 462, 1007153,                                             1000000, 9.41169548034668, 156.3529510498047
1569, 2015.3269822895527, 1, 10.346153247053735, 435, 1007588,                                             1000000, 10.514384269714355, 156.89112854003906
1570, 1465.6036637425423, 1, 15.134538426995277, 654, 1008242,                                             1000000, 9.525784492492676, 157.01988220214844
1571, 2001.4236071705818, 1, 7.863600678974763, 340, 1008582,                                             1000000, 11.792332649230957, 157.11717224121094
1572, 1775.745763450861, 1, 13.330658941995353, 555, 1009137,                                             1000000, 8.983596801757812, 156.93899536132812
1573, 1780.8825558274984, 1, 11.532257931074128, 499, 1009636,                                             1000000, 9.618903160095215, 155.20245361328125
1574, 1906.32452622056, 1, 8.940034289029427, 390, 1010026,                                             1000000, 9.78762149810791, 156.0493621826172
1575, 2064.1991059333086, 1, 8.319122639019042, 348, 1010374,                                             1000000, 11.571468353271484, 154.62098693847656
1576, 2019.9656013846397, 1, 7.118835138040595, 299, 1010673,                                             1000000, 8.734460830688477, 155.1183319091797
1577, 1658.796134531498, 1, 12.955595899024047, 565, 1011238,                                             1000000, 9.772806167602539, 155.84768676757812
1578, 1499.3062508106232, 1, 16.341747005004436, 700, 1011938,                                             1000000, 10.299649238586426, 154.17832946777344
1579, 1906.182358622551, 1, 12.33095506101381, 523, 1012461,                                             1000000, 11.182245254516602, 154.48374938964844
1580, 1529.64062961936, 1, 13.557058652048, 598, 1013059,                                             1000000, 9.933069229125977, 153.4033966064453
1581, 1749.505379408598, 1, 11.963918851921335, 511, 1013570,                                             1000000, 8.786155700683594, 152.24497985839844
1582, 1799.9530994594097, 1, 12.949755865032785, 555, 1014125,                                             1000000, 10.534470558166504, 152.0559539794922
1583, 1658.3557229042053, 1, 9.726671923999675, 411, 1014536,                                             1000000, 9.798808097839355, 151.8606414794922
1584, 1787.1799065768719, 1, 8.35065349098295, 362, 1014898,                                             1000000, 10.063753128051758, 151.23123168945312
1585, 1623.4020516872406, 1, 13.731095887953416, 577, 1015475,                                             1000000, 9.433682441711426, 150.4248809814453
1586, 1869.4276209771633, 1, 10.946260296972468, 473, 1015948,                                             1000000, 10.898486137390137, 152.56959533691406
1587, 1971.8656695187092, 1, 9.931767306989059, 418, 1016366,                                             1000000, 9.75106430053711, 151.54132080078125
1588, 2095.386380970478, 1, 7.3421783620724455, 309, 1016675,                                             1000000, 10.349967956542969, 150.13560485839844
1589, 1347.3285195827484, 1, 11.128166461014189, 482, 1017157,                                             1000000, 11.140244483947754, 151.29107666015625
1590, 1747.8831650614738, 1, 9.725642598001286, 417, 1017574,                                             1000000, 11.149252891540527, 150.6891632080078
1591, 1642.4745676517487, 1, 11.583650826010853, 501, 1018075,                                             1000000, 11.709531784057617, 149.99327087402344
1592, 1671.0551774948835, 1, 11.130864169914275, 466, 1018541,                                             1000000, 10.370244026184082, 150.1907196044922
1593, 1792.1193540394306, 1, 8.347098388010636, 359, 1018900,                                             1000000, 10.460827827453613, 150.99234008789062
1594, 1876.0526172220707, 1, 9.722935091005638, 410, 1019310,                                             1000000, 9.432042121887207, 151.05224609375
1595, 1596.2933304905891, 1, 11.95317597000394, 511, 1019821,                                             1000000, 10.395411491394043, 150.69630432128906
1596, 1835.0358848571777, 1, 9.326110981986858, 385, 1020206,                                             1000000, 9.575950622558594, 149.4244384765625
1597, 1592.131462842226, 1, 10.927192925941199, 465, 1020671,                                             1000000, 10.266209602355957, 149.26954650878906
1598, 1859.9559218883514, 1, 9.324107778025791, 390, 1021061,                                             1000000, 9.781203269958496, 150.50479125976562
1599, 1567.5996598899364, 1, 12.35897173709236, 545, 1021606,                                             1000000, 10.139504432678223, 148.7953643798828
1600, 1484.807452082634, 1, 12.330939535982907, 526, 1022132,                                             1000000, 8.977163314819336, 149.60935974121094
1601, 1812.6030686497688, 1, 10.632608343963511, 466, 1022598,                                             1000000, 9.268542289733887, 147.6151580810547
1602, 1614.4260655343533, 1, 12.329066375037655, 512, 1023110,                                             1000000, 10.92642593383789, 149.2713623046875
1603, 1645.482822060585, 1, 11.958722324110568, 523, 1023633,                                             1000000, 9.279318809509277, 147.8646697998047
1604, 1714.978590682149, 1, 12.525875720079057, 521, 1024154,                                             1000000, 9.681280136108398, 148.25396728515625
1605, 1715.138784110546, 1, 12.556468036025763, 540, 1024694,                                             1000000, 9.63798999786377, 148.3837890625
1606, 1592.35714122653, 1, 12.727772988029756, 541, 1025235,                                             1000000, 10.774456024169922, 146.65538024902344
1607, 1897.1654290556908, 1, 8.324201732990332, 334, 1025569,                                             1000000, 9.576589584350586, 146.6842498779297
1608, 2153.856168985367, 1, 7.339477589935996, 305, 1025874,                                             1000000, 11.481956481933594, 146.63229370117188
1609, 1719.9680947363377, 1, 13.535707064904273, 553, 1026427,                                             1000000, 10.726275444030762, 145.78176879882812
1610, 1596.4583845436573, 1, 14.735163578996435, 630, 1027057,                                             1000000, 9.19713306427002, 147.6082763671875
1611, 1659.808887153864, 1, 12.712873924989253, 551, 1027608,                                             1000000, 7.944818019866943, 146.57833862304688
1612, 1791.0741797089577, 1, 11.524500334984623, 492, 1028100,                                             1000000, 9.993247985839844, 146.9768524169922
1613, 1663.2439420819283, 1, 10.523446534993127, 451, 1028551,                                             1000000, 10.132757186889648, 147.1300506591797
1614, 1453.6478927135468, 1, 14.132637375965714, 602, 1029153,                                             1000000, 11.108092308044434, 145.50711059570312
1615, 1666.3787232339382, 1, 12.533042507013306, 521, 1029674,                                             1000000, 11.032797813415527, 146.3306121826172
1616, 1573.009878963232, 1, 12.156171591952443, 529, 1030203,                                             1000000, 9.414571762084961, 146.1463623046875
1617, 1662.369251281023, 1, 11.320311549003236, 489, 1030692,                                             1000000, 10.854358673095703, 145.74497985839844
1618, 1635.381013572216, 1, 10.546301439986564, 453, 1031145,                                             1000000, 10.969910621643066, 146.006103515625
1619, 1675.1958796977997, 1, 11.127545322990045, 472, 1031617,                                             1000000, 10.571547508239746, 145.89801025390625
1620, 1617.0780622661114, 1, 14.962949943961576, 657, 1032274,                                             1000000, 9.512084007263184, 146.02040100097656
1621, 1620.5619542896748, 1, 13.46546025807038, 579, 1032853,                                             1000000, 9.927547454833984, 145.49343872070312
1622, 1870.7595751285553, 1, 8.338897295063362, 360, 1033213,                                             1000000, 9.6956148147583, 145.01820373535156
1623, 1654.4387385845184, 1, 15.336541422992013, 656, 1033869,                                             1000000, 9.914636611938477, 144.78671264648438
1624, 1925.8285102248192, 1, 7.941510034957901, 348, 1034217,                                             1000000, 9.205910682678223, 144.68710327148438
1625, 2142.6751239299774, 1, 7.115378597052768, 299, 1034516,                                             1000000, 10.098494529724121, 144.83016967773438
1626, 1425.6749617606401, 1, 15.742165826028213, 669, 1035185,                                             1000000, 9.802367210388184, 144.62962341308594
1627, 1427.6143334656954, 1, 15.535958167980425, 668, 1035853,                                             1000000, 8.640728950500488, 144.93234252929688
1628, 1728.7505843639374, 1, 12.74425796198193, 565, 1036418,                                             1000000, 10.113241195678711, 144.66958618164062
1629, 1694.4831091463566, 1, 10.126621379051358, 429, 1036847,                                             1000000, 9.254515647888184, 144.9665985107422
1630, 2166.3721490204334, 1, 7.517993719084188, 309, 1037156,                                             1000000, 10.182029724121094, 143.7711944580078
1631, 1832.6607409268618, 1, 12.04126056295354, 521, 1037677,                                             1000000, 11.696062088012695, 144.9827423095703
1632, 1663.739347755909, 1, 12.328579035005532, 530, 1038207,                                             1000000, 10.045720100402832, 145.31356811523438
1633, 1836.655408769846, 1, 10.14720946305897, 425, 1038632,                                             1000000, 10.761319160461426, 144.46348571777344
1634, 1607.3558535575867, 1, 11.928263174952008, 492, 1039124,                                             1000000, 9.178594589233398, 144.43226623535156
1635, 2141.0162054002285, 1, 8.144738876027986, 351, 1039475,                                             1000000, 10.616026878356934, 144.35914611816406
1636, 1486.7613087892532, 1, 10.325396270025522, 443, 1039918,                                             1000000, 9.902754783630371, 143.82254028320312
1637, 1743.4590747654438, 1, 13.760797620983794, 596, 1040514,                                             1000000, 10.301308631896973, 143.69589233398438
1638, 1814.793696820736, 1, 10.325535650015809, 444, 1040958,                                             1000000, 9.4174165725708, 143.98471069335938
1639, 1648.0436754524708, 1, 9.942533390945755, 435, 1041393,                                             1000000, 9.815404891967773, 143.8116912841797
1640, 1590.3197728991508, 1, 13.52546747692395, 580, 1041973,                                             1000000, 10.786569595336914, 143.73960876464844
1641, 1433.6514919102192, 1, 16.052403699955903, 679, 1042652,                                             1000000, 9.68942642211914, 144.22926330566406
1642, 1657.6199572980404, 1, 11.526969954953529, 488, 1043140,                                             1000000, 10.550606727600098, 143.43504333496094
1643, 1714.8039942532778, 1, 13.131514337961562, 547, 1043687,                                             1000000, 11.481491088867188, 143.05934143066406
1644, 1582.9064060151577, 1, 13.129957174067385, 561, 1044248,                                             1000000, 9.51843547821045, 143.5418701171875
1645, 1846.9036549180746, 1, 11.949052750016563, 521, 1044769,                                             1000000, 10.273977279663086, 143.09817504882812
1646, 1676.606215417385, 1, 12.131018258980475, 519, 1045288,                                             1000000, 10.288711547851562, 143.0233154296875
1647, 1589.2222822010517, 1, 11.932037199032493, 510, 1045798,                                             1000000, 11.397773742675781, 142.86473083496094
1648, 1539.3412881791592, 1, 13.565233801025897, 576, 1046374,                                             1000000, 9.420599937438965, 142.7560272216797
1649, 1534.4190972447395, 1, 15.132989284931682, 655, 1047029,                                             1000000, 10.58853530883789, 142.47042846679688
1650, 1722.027292907238, 1, 13.359943831106648, 555, 1047584,                                             1000000, 10.52092456817627, 141.95179748535156
1651, 1649.2339503765106, 1, 10.984085169970058, 451, 1048035,                                             1000000, 10.036701202392578, 143.19622802734375
1652, 1548.1940419375896, 1, 13.959156805998646, 594, 1048629,                                             1000000, 10.676135063171387, 141.84127807617188
1653, 1301.4665952026844, 1, 17.93752640101593, 775, 1049404,                                             1000000, 9.905482292175293, 142.02651977539062
1654, 1363.2780256867409, 1, 16.562186990049668, 719, 1050123,                                             1000000, 11.21906852722168, 142.14096069335938
1655, 1542.1953935027122, 1, 15.337887758971192, 648, 1050771,                                             1000000, 9.894553184509277, 141.8658905029297
1656, 1450.6346659511328, 1, 17.16256957105361, 737, 1051508,                                             1000000, 9.199675559997559, 141.51312255859375
1657, 1438.3946506232023, 1, 18.949635696946643, 803, 1052311,                                             1000000, 10.792964935302734, 142.20904541015625
1658, 1732.435014784336, 1, 11.129846306983382, 473, 1052784,                                             1000000, 9.058159828186035, 142.6049346923828
1659, 2017.1394761353731, 1, 9.324496501940303, 398, 1053182,                                             1000000, 9.515981674194336, 141.32339477539062
1660, 1680.6267470121384, 1, 11.34840388293378, 483, 1053665,                                             1000000, 9.905353546142578, 141.12118530273438
1661, 1914.3797979056835, 1, 10.182824868010357, 434, 1054099,                                             1000000, 8.896103858947754, 141.5696563720703
1662, 1585.7121705710888, 1, 11.53060712700244, 497, 1054596,                                             1000000, 9.7355375289917, 141.79946899414062
1663, 1572.2988101691008, 1, 14.762469060951844, 610, 1055206,                                             1000000, 9.737631797790527, 141.15939331054688
1664, 1515.4219126403332, 1, 14.934954427997582, 648, 1055854,                                             1000000, 10.754240036010742, 142.1627655029297
1665, 1501.667793288827, 1, 16.542362348991446, 708, 1056562,                                             1000000, 9.568525314331055, 141.12803649902344
1666, 1465.3960478901863, 1, 15.156141165993176, 663, 1057225,                                             1000000, 8.537757873535156, 140.6792755126953
1667, 1741.2197883725166, 1, 10.32145455502905, 424, 1057649,                                             1000000, 11.256975173950195, 140.23886108398438
1668, 1858.8168123662472, 1, 10.522955697961152, 445, 1058094,                                             1000000, 11.948081970214844, 140.1975555419922
1669, 1617.073849081993, 1, 15.934471061103977, 693, 1058787,                                             1000000, 9.970699310302734, 140.0584259033203
1670, 1592.1676988303661, 1, 10.349491868983023, 445, 1059232,                                             1000000, 9.435079574584961, 140.51251220703125
1671, 2031.7790044397116, 1, 11.935202967026271, 513, 1059745,                                             1000000, 11.664566040039062, 141.17733764648438
1672, 1350.0890210717916, 1, 17.76995558105409, 775, 1060520,                                             1000000, 10.419568061828613, 140.05245971679688
1673, 1773.1338656246662, 1, 10.92783262010198, 465, 1060985,                                             1000000, 10.279923439025879, 138.8489532470703
1674, 1509.9266134947538, 1, 12.753737128921784, 562, 1061547,                                             1000000, 8.320959091186523, 140.3939666748047
1675, 1506.085239380598, 1, 14.333559163031168, 606, 1062153,                                             1000000, 11.041821479797363, 139.42288208007812
1676, 1748.9523383378983, 1, 11.930445927893743, 513, 1062666,                                             1000000, 10.771891593933105, 140.01084899902344
1677, 1752.9311499893665, 1, 9.347832303959876, 401, 1063067,                                             1000000, 8.457540512084961, 139.7283477783203
1678, 1812.6139911413193, 1, 7.913426214945503, 327, 1063394,                                             1000000, 10.055389404296875, 139.69468688964844
1679, 1498.5764583349228, 1, 16.371809101081453, 685, 1064079,                                             1000000, 10.562820434570312, 139.55267333984375
1680, 1676.020563557744, 1, 13.73458565294277, 591, 1064670,                                             1000000, 10.984641075134277, 138.6822052001953
1681, 1586.003198593855, 1, 14.34937541000545, 612, 1065282,                                             1000000, 10.84817123413086, 138.91705322265625
1682, 1789.2177067995071, 1, 10.724341902066953, 456, 1065738,                                             1000000, 9.625476837158203, 138.8728790283203
1683, 1657.5641094446182, 1, 15.557031419011764, 685, 1066423,                                             1000000, 9.187093734741211, 139.03695678710938
1684, 1516.3079265654087, 1, 13.128142039990053, 567, 1066990,                                             1000000, 9.76001262664795, 138.36228942871094
1685, 1580.7135263383389, 1, 13.333048028987832, 552, 1067542,                                             1000000, 10.252106666564941, 138.76510620117188
1686, 1274.5203210413456, 1, 17.57064192602411, 759, 1068301,                                             1000000, 10.704713821411133, 139.10317993164062
1687, 1892.9753361046314, 1, 10.324608271941543, 436, 1068737,                                             1000000, 9.899845123291016, 140.0241241455078
1688, 1891.4269289672375, 1, 9.345077916048467, 407, 1069144,                                             1000000, 10.257143020629883, 139.54771423339844
1689, 2079.9385630488396, 1, 7.714015953009948, 313, 1069457,                                             1000000, 10.441335678100586, 138.93919372558594
1690, 1906.1628639698029, 1, 10.956310861976817, 462, 1069919,                                             1000000, 10.107216835021973, 138.7842559814453
1691, 1623.165364831686, 1, 12.663132766028866, 546, 1070465,                                             1000000, 10.263623237609863, 138.4209442138672
1692, 1793.8188779056072, 1, 11.527320098946802, 492, 1070957,                                             1000000, 10.388982772827148, 138.43800354003906
1693, 1475.6884948015213, 1, 12.755045032943599, 556, 1071513,                                             1000000, 10.587421417236328, 138.0895233154297
1694, 1883.8750026524067, 1, 10.325569948996417, 437, 1071950,                                             1000000, 10.644553184509277, 139.54261779785156
1695, 1593.2689845263958, 1, 13.933615469024517, 592, 1072542,                                             1000000, 10.697232246398926, 138.56581115722656
1696, 1749.8402183949947, 1, 9.722913365927525, 422, 1072964,                                             1000000, 9.75724983215332, 138.53298950195312
1697, 1730.8823609352112, 1, 9.146190625964664, 384, 1073348,                                             1000000, 11.193171501159668, 137.6116180419922
1698, 1774.7312932312489, 1, 11.12353158602491, 453, 1073801,                                             1000000, 10.050450325012207, 136.7900848388672
1699, 1977.422882243991, 1, 8.749465060885996, 376, 1074177,                                             1000000, 9.551732063293457, 138.6825714111328
1700, 1948.805291056633, 1, 10.124753321986645, 401, 1074578,                                             1000000, 11.214747428894043, 137.85238647460938
1701, 1846.8092468380928, 1, 11.618705327040516, 480, 1075058,                                             1000000, 11.225062370300293, 137.5767364501953
1702, 1637.9562901556492, 1, 12.928940335055813, 529, 1075587,                                             1000000, 10.167017936706543, 137.61978149414062
1703, 2005.6438754796982, 1, 8.350729221012443, 342, 1075929,                                             1000000, 12.373041152954102, 136.52056884765625
1704, 1600.5920325517654, 1, 15.130885556922294, 651, 1076580,                                             1000000, 9.389567375183105, 137.15890502929688
1705, 1859.142970263958, 1, 9.129246910917573, 384, 1076964,                                             1000000, 10.700825691223145, 136.12286376953125
1706, 2141.2656306624413, 1, 7.9259596220217645, 335, 1077299,                                             1000000, 9.175751686096191, 137.53195190429688
1707, 1580.1495405435562, 1, 14.133760309079662, 596, 1077895,                                             1000000, 10.649333000183105, 136.2539825439453
1708, 1920.3050074130297, 1, 11.158411568962038, 471, 1078366,                                             1000000, 8.705914497375488, 137.5917205810547
1709, 1682.4951689243317, 1, 10.320112505927682, 447, 1078813,                                             1000000, 10.711467742919922, 137.29153442382812
1710, 1673.370667397976, 1, 10.356810469995253, 449, 1079262,                                             1000000, 9.208447456359863, 137.1100616455078
1711, 1732.3013104200363, 1, 9.81097273004707, 416, 1079678,                                             1000000, 9.504077911376953, 136.83145141601562
1712, 1880.434189170599, 1, 10.344933219021186, 452, 1080130,                                             1000000, 9.632451057434082, 136.4276123046875
1713, 1409.715671300888, 1, 15.132329668966122, 652, 1080782,                                             1000000, 9.998456001281738, 136.10140991210938
1714, 1475.2945159375668, 1, 14.969450742006302, 651, 1081433,                                             1000000, 9.039990425109863, 137.03785705566406
1715, 1607.4805643558502, 1, 12.13039254990872, 525, 1081958,                                             1000000, 10.380776405334473, 137.7122039794922
1716, 1889.9945113956928, 1, 8.924264083034359, 385, 1082343,                                             1000000, 7.7042975425720215, 136.23854064941406
1717, 1834.937538087368, 1, 12.729858454898931, 546, 1082889,                                             1000000, 10.060922622680664, 135.46302795410156
1718, 1375.58484852314, 1, 15.131256377091631, 656, 1083545,                                             1000000, 9.458839416503906, 136.05816650390625
1719, 1754.8035800457, 1, 12.934675137046725, 559, 1084104,                                             1000000, 10.48022174835205, 136.64718627929688
1720, 1588.7702994048595, 1, 14.557705498998985, 614, 1084718,                                             1000000, 11.023979187011719, 135.9482879638672
1721, 1981.882261633873, 1, 8.55963060806971, 367, 1085085,                                             1000000, 9.907017707824707, 136.22422790527344
1722, 2058.6274312734604, 1, 8.542626025970094, 351, 1085436,                                             1000000, 11.08908748626709, 135.2664794921875
1723, 1885.3745068311691, 1, 9.324161343974993, 403, 1085839,                                             1000000, 11.291232109069824, 136.33041381835938
1724, 1988.7840765714645, 1, 8.723202690016478, 367, 1086206,                                             1000000, 11.531681060791016, 136.7108612060547
1725, 1582.152802720666, 1, 13.556931309052743, 585, 1086791,                                             1000000, 9.89250373840332, 135.8646697998047
1726, 1691.8338904976845, 1, 10.528055157046765, 449, 1087240,                                             1000000, 11.335811614990234, 136.2108612060547
1727, 1376.8902919888496, 1, 14.942936199018732, 657, 1087897,                                             1000000, 10.327301025390625, 135.7609405517578
1728, 1536.854668468237, 1, 11.549739487934858, 504, 1088401,                                             1000000, 9.520650863647461, 136.06919860839844
1729, 1618.428258150816, 1, 11.124188842019066, 481, 1088882,                                             1000000, 9.802106857299805, 135.21463012695312
1730, 1524.2556446790695, 1, 16.358621401013806, 718, 1089600,                                             1000000, 9.679265022277832, 135.9720458984375
1731, 1356.702268242836, 1, 14.558782072039321, 628, 1090228,                                             1000000, 10.287064552307129, 135.3748016357422
1732, 1881.5133634358644, 1, 11.934540200047195, 491, 1090719,                                             1000000, 11.52051830291748, 135.15377807617188
1733, 1564.5215120315552, 1, 11.553375886986032, 492, 1091211,                                             1000000, 11.212944030761719, 134.22410583496094
1734, 1767.1405148506165, 1, 13.330801520030946, 576, 1091787,                                             1000000, 11.095624923706055, 136.13987731933594
1735, 1789.1146478056908, 1, 11.15282814798411, 478, 1092265,                                             1000000, 9.073962211608887, 134.82643127441406
1736, 1638.0024112462997, 1, 13.326835674932227, 565, 1092830,                                             1000000, 10.063582420349121, 135.99282836914062
1737, 1543.4723838567734, 1, 14.966445983969606, 633, 1093463,                                             1000000, 11.120781898498535, 134.712646484375
1738, 1411.0189164876938, 1, 15.73445897293277, 661, 1094124,                                             1000000, 9.798059463500977, 134.88519287109375
1739, 1534.2001612335443, 1, 14.132939388044178, 610, 1094734,                                             1000000, 12.257580757141113, 135.06332397460938
1740, 1722.5639923810959, 1, 10.354324772022665, 417, 1095151,                                             1000000, 10.353654861450195, 134.19813537597656
1741, 1744.7633174657822, 1, 12.727151595056057, 549, 1095700,                                             1000000, 11.398858070373535, 134.72381591796875
1742, 1872.730194836855, 1, 10.524166999035515, 449, 1096149,                                             1000000, 10.836395263671875, 133.81056213378906
1743, 1591.8583169579506, 1, 11.553793889004737, 494, 1096643,                                             1000000, 10.749964714050293, 134.4761962890625
1744, 2014.982154071331, 1, 8.921971127972938, 372, 1097015,                                             1000000, 9.806724548339844, 134.46031188964844
1745, 1743.0477291345596, 1, 12.150436665979214, 528, 1097543,                                             1000000, 9.69493579864502, 134.6253204345703
1746, 1750.7967438399792, 1, 10.325853086076677, 436, 1097979,                                             1000000, 9.875694274902344, 134.30764770507812
1747, 2070.500925421715, 1, 8.11699813103769, 344, 1098323,                                             1000000, 10.849386215209961, 134.1403045654297
1748, 1566.4844289720058, 1, 13.350480000022799, 574, 1098897,                                             1000000, 9.26887321472168, 134.00006103515625
1749, 1417.1797070801258, 1, 14.130863622995093, 592, 1099489,                                             1000000, 10.730508804321289, 133.9116973876953
1750, 1316.2378783971071, 1, 17.96783042908646, 781, 1100270,                                             1000000, 10.488242149353027, 133.72552490234375
1751, 1532.1190506219864, 1, 13.11032402003184, 548, 1100818,                                             1000000, 10.169267654418945, 133.49945068359375
1752, 1974.2814186811447, 1, 10.550448111025617, 438, 1101256,                                             1000000, 11.07695198059082, 132.48739624023438
1753, 1673.9748211205006, 1, 10.324872005032375, 440, 1101696,                                             1000000, 10.781784057617188, 132.77845764160156
1754, 2181.530885308981, 1, 7.146217423025519, 304, 1102000,                                             1000000, 12.626601219177246, 133.9624786376953
1755, 1785.9189824163914, 1, 10.325067210011184, 446, 1102446,                                             1000000, 11.744583129882812, 133.4128875732422
1756, 1964.584451675415, 1, 11.126529701985419, 475, 1102921,                                             1000000, 11.329399108886719, 133.85470581054688
1757, 1925.4217552244663, 1, 8.94951087597292, 383, 1103304,                                             1000000, 9.34385871887207, 132.87074279785156
1758, 1662.2955143004656, 1, 13.132847005035728, 568, 1103872,                                             1000000, 10.142412185668945, 133.57884216308594
1759, 1793.7409013807774, 1, 9.726745774038136, 418, 1104290,                                             1000000, 9.578739166259766, 131.47483825683594
1760, 1761.9074617624283, 1, 9.95727412996348, 438, 1104728,                                             1000000, 9.655033111572266, 132.87948608398438
1761, 1651.6081726551056, 1, 11.46198864793405, 480, 1105208,                                             1000000, 9.745820045471191, 132.03184509277344
1762, 1928.098478704691, 1, 8.946480204002, 373, 1105581,                                             1000000, 10.899216651916504, 132.5386505126953
1763, 1615.183236181736, 1, 10.926960960030556, 470, 1106051,                                             1000000, 10.996905326843262, 133.16650390625
1764, 1965.7579507529736, 1, 9.524081588955596, 410, 1106461,                                             1000000, 9.630906105041504, 132.24916076660156
1765, 1670.0491712987423, 1, 13.952468945994042, 606, 1107067,                                             1000000, 9.058542251586914, 131.61962890625
1766, 1803.3753484785557, 1, 11.324655939009972, 481, 1107548,                                             1000000, 9.883631706237793, 131.57008361816406
1767, 1746.9253564029932, 1, 12.355018083937466, 528, 1108076,                                             1000000, 10.654900550842285, 131.6297607421875
1768, 1449.074752688408, 1, 11.127611844916828, 478, 1108554,                                             1000000, 11.792987823486328, 131.428955078125
1769, 2136.190921574831, 1, 9.924415310029872, 418, 1108972,                                             1000000, 11.895459175109863, 130.78102111816406
1770, 1736.4071635901928, 1, 9.93892963998951, 437, 1109409,                                             1000000, 10.176047325134277, 130.4669647216797
1771, 2054.4822930693626, 1, 10.061148292967118, 430, 1109839,                                             1000000, 8.970237731933594, 131.23915100097656
1772, 1604.4938999712467, 1, 13.557468324899673, 592, 1110431,                                             1000000, 9.623483657836914, 131.15988159179688
1773, 2076.3076106905937, 1, 7.717446470982395, 315, 1110746,                                             1000000, 10.32255744934082, 130.8858642578125
1774, 1664.5822378396988, 1, 11.153764182934538, 469, 1111215,                                             1000000, 11.671964645385742, 131.19638061523438
1775, 1659.7552948892117, 1, 10.51985817705281, 455, 1111670,                                             1000000, 10.827254295349121, 130.3648681640625
1776, 2010.7312134802341, 1, 9.321947544929571, 377, 1112047,                                             1000000, 8.960433006286621, 130.4003448486328
1777, 1437.8779821693897, 1, 17.144728323910385, 731, 1112778,                                             1000000, 9.581180572509766, 131.0752410888672
1778, 1991.8798231184483, 1, 7.5435222970554605, 334, 1113112,                                             1000000, 9.76312255859375, 130.705810546875
